[
{
    "model": "auth.permission",
    "pk": 1,
    "fields": {
        "name": "Can add log entry",
        "content_type": 1,
        "codename": "add_logentry"
    }
},
{
    "model": "auth.permission",
    "pk": 2,
    "fields": {
        "name": "Can change log entry",
        "content_type": 1,
        "codename": "change_logentry"
    }
},
{
    "model": "auth.permission",
    "pk": 3,
    "fields": {
        "name": "Can delete log entry",
        "content_type": 1,
        "codename": "delete_logentry"
    }
},
{
    "model": "auth.permission",
    "pk": 4,
    "fields": {
        "name": "Can view log entry",
        "content_type": 1,
        "codename": "view_logentry"
    }
},
{
    "model": "auth.permission",
    "pk": 5,
    "fields": {
        "name": "Can add permission",
        "content_type": 2,
        "codename": "add_permission"
    }
},
{
    "model": "auth.permission",
    "pk": 6,
    "fields": {
        "name": "Can change permission",
        "content_type": 2,
        "codename": "change_permission"
    }
},
{
    "model": "auth.permission",
    "pk": 7,
    "fields": {
        "name": "Can delete permission",
        "content_type": 2,
        "codename": "delete_permission"
    }
},
{
    "model": "auth.permission",
    "pk": 8,
    "fields": {
        "name": "Can view permission",
        "content_type": 2,
        "codename": "view_permission"
    }
},
{
    "model": "auth.permission",
    "pk": 9,
    "fields": {
        "name": "Can add group",
        "content_type": 3,
        "codename": "add_group"
    }
},
{
    "model": "auth.permission",
    "pk": 10,
    "fields": {
        "name": "Can change group",
        "content_type": 3,
        "codename": "change_group"
    }
},
{
    "model": "auth.permission",
    "pk": 11,
    "fields": {
        "name": "Can delete group",
        "content_type": 3,
        "codename": "delete_group"
    }
},
{
    "model": "auth.permission",
    "pk": 12,
    "fields": {
        "name": "Can view group",
        "content_type": 3,
        "codename": "view_group"
    }
},
{
    "model": "auth.permission",
    "pk": 13,
    "fields": {
        "name": "Can add user",
        "content_type": 4,
        "codename": "add_user"
    }
},
{
    "model": "auth.permission",
    "pk": 14,
    "fields": {
        "name": "Can change user",
        "content_type": 4,
        "codename": "change_user"
    }
},
{
    "model": "auth.permission",
    "pk": 15,
    "fields": {
        "name": "Can delete user",
        "content_type": 4,
        "codename": "delete_user"
    }
},
{
    "model": "auth.permission",
    "pk": 16,
    "fields": {
        "name": "Can view user",
        "content_type": 4,
        "codename": "view_user"
    }
},
{
    "model": "auth.permission",
    "pk": 17,
    "fields": {
        "name": "Can add content type",
        "content_type": 5,
        "codename": "add_contenttype"
    }
},
{
    "model": "auth.permission",
    "pk": 18,
    "fields": {
        "name": "Can change content type",
        "content_type": 5,
        "codename": "change_contenttype"
    }
},
{
    "model": "auth.permission",
    "pk": 19,
    "fields": {
        "name": "Can delete content type",
        "content_type": 5,
        "codename": "delete_contenttype"
    }
},
{
    "model": "auth.permission",
    "pk": 20,
    "fields": {
        "name": "Can view content type",
        "content_type": 5,
        "codename": "view_contenttype"
    }
},
{
    "model": "auth.permission",
    "pk": 21,
    "fields": {
        "name": "Can add session",
        "content_type": 6,
        "codename": "add_session"
    }
},
{
    "model": "auth.permission",
    "pk": 22,
    "fields": {
        "name": "Can change session",
        "content_type": 6,
        "codename": "change_session"
    }
},
{
    "model": "auth.permission",
    "pk": 23,
    "fields": {
        "name": "Can delete session",
        "content_type": 6,
        "codename": "delete_session"
    }
},
{
    "model": "auth.permission",
    "pk": 24,
    "fields": {
        "name": "Can view session",
        "content_type": 6,
        "codename": "view_session"
    }
},
{
    "model": "auth.permission",
    "pk": 25,
    "fields": {
        "name": "Can add proyecto",
        "content_type": 7,
        "codename": "add_proyecto"
    }
},
{
    "model": "auth.permission",
    "pk": 26,
    "fields": {
        "name": "Can change proyecto",
        "content_type": 7,
        "codename": "change_proyecto"
    }
},
{
    "model": "auth.permission",
    "pk": 27,
    "fields": {
        "name": "Can delete proyecto",
        "content_type": 7,
        "codename": "delete_proyecto"
    }
},
{
    "model": "auth.permission",
    "pk": 28,
    "fields": {
        "name": "Can view proyecto",
        "content_type": 7,
        "codename": "view_proyecto"
    }
},
{
    "model": "auth.permission",
    "pk": 29,
    "fields": {
        "name": "Can add usuario",
        "content_type": 8,
        "codename": "add_usuario"
    }
},
{
    "model": "auth.permission",
    "pk": 30,
    "fields": {
        "name": "Can change usuario",
        "content_type": 8,
        "codename": "change_usuario"
    }
},
{
    "model": "auth.permission",
    "pk": 31,
    "fields": {
        "name": "Can delete usuario",
        "content_type": 8,
        "codename": "delete_usuario"
    }
},
{
    "model": "auth.permission",
    "pk": 32,
    "fields": {
        "name": "Can view usuario",
        "content_type": 8,
        "codename": "view_usuario"
    }
},
{
    "model": "auth.permission",
    "pk": 33,
    "fields": {
        "name": "Can add tarea",
        "content_type": 9,
        "codename": "add_tarea"
    }
},
{
    "model": "auth.permission",
    "pk": 34,
    "fields": {
        "name": "Can change tarea",
        "content_type": 9,
        "codename": "change_tarea"
    }
},
{
    "model": "auth.permission",
    "pk": 35,
    "fields": {
        "name": "Can delete tarea",
        "content_type": 9,
        "codename": "delete_tarea"
    }
},
{
    "model": "auth.permission",
    "pk": 36,
    "fields": {
        "name": "Can view tarea",
        "content_type": 9,
        "codename": "view_tarea"
    }
},
{
    "model": "auth.permission",
    "pk": 37,
    "fields": {
        "name": "Can add etiqueta",
        "content_type": 10,
        "codename": "add_etiqueta"
    }
},
{
    "model": "auth.permission",
    "pk": 38,
    "fields": {
        "name": "Can change etiqueta",
        "content_type": 10,
        "codename": "change_etiqueta"
    }
},
{
    "model": "auth.permission",
    "pk": 39,
    "fields": {
        "name": "Can delete etiqueta",
        "content_type": 10,
        "codename": "delete_etiqueta"
    }
},
{
    "model": "auth.permission",
    "pk": 40,
    "fields": {
        "name": "Can view etiqueta",
        "content_type": 10,
        "codename": "view_etiqueta"
    }
},
{
    "model": "auth.permission",
    "pk": 41,
    "fields": {
        "name": "Can add asignacion de tarea",
        "content_type": 11,
        "codename": "add_asignaciondetarea"
    }
},
{
    "model": "auth.permission",
    "pk": 42,
    "fields": {
        "name": "Can change asignacion de tarea",
        "content_type": 11,
        "codename": "change_asignaciondetarea"
    }
},
{
    "model": "auth.permission",
    "pk": 43,
    "fields": {
        "name": "Can delete asignacion de tarea",
        "content_type": 11,
        "codename": "delete_asignaciondetarea"
    }
},
{
    "model": "auth.permission",
    "pk": 44,
    "fields": {
        "name": "Can view asignacion de tarea",
        "content_type": 11,
        "codename": "view_asignaciondetarea"
    }
},
{
    "model": "auth.permission",
    "pk": 45,
    "fields": {
        "name": "Can add comentario",
        "content_type": 12,
        "codename": "add_comentario"
    }
},
{
    "model": "auth.permission",
    "pk": 46,
    "fields": {
        "name": "Can change comentario",
        "content_type": 12,
        "codename": "change_comentario"
    }
},
{
    "model": "auth.permission",
    "pk": 47,
    "fields": {
        "name": "Can delete comentario",
        "content_type": 12,
        "codename": "delete_comentario"
    }
},
{
    "model": "auth.permission",
    "pk": 48,
    "fields": {
        "name": "Can view comentario",
        "content_type": 12,
        "codename": "view_comentario"
    }
},
{
    "model": "contenttypes.contenttype",
    "pk": 1,
    "fields": {
        "app_label": "admin",
        "model": "logentry"
    }
},
{
    "model": "contenttypes.contenttype",
    "pk": 2,
    "fields": {
        "app_label": "auth",
        "model": "permission"
    }
},
{
    "model": "contenttypes.contenttype",
    "pk": 3,
    "fields": {
        "app_label": "auth",
        "model": "group"
    }
},
{
    "model": "contenttypes.contenttype",
    "pk": 4,
    "fields": {
        "app_label": "auth",
        "model": "user"
    }
},
{
    "model": "contenttypes.contenttype",
    "pk": 5,
    "fields": {
        "app_label": "contenttypes",
        "model": "contenttype"
    }
},
{
    "model": "contenttypes.contenttype",
    "pk": 6,
    "fields": {
        "app_label": "sessions",
        "model": "session"
    }
},
{
    "model": "contenttypes.contenttype",
    "pk": 7,
    "fields": {
        "app_label": "PracticaModelos1",
        "model": "proyecto"
    }
},
{
    "model": "contenttypes.contenttype",
    "pk": 8,
    "fields": {
        "app_label": "PracticaModelos1",
        "model": "usuario"
    }
},
{
    "model": "contenttypes.contenttype",
    "pk": 9,
    "fields": {
        "app_label": "PracticaModelos1",
        "model": "tarea"
    }
},
{
    "model": "contenttypes.contenttype",
    "pk": 10,
    "fields": {
        "app_label": "PracticaModelos1",
        "model": "etiqueta"
    }
},
{
    "model": "contenttypes.contenttype",
    "pk": 11,
    "fields": {
        "app_label": "PracticaModelos1",
        "model": "asignaciondetarea"
    }
},
{
    "model": "contenttypes.contenttype",
    "pk": 12,
    "fields": {
        "app_label": "PracticaModelos1",
        "model": "comentario"
    }
},
{
    "model": "PracticaModelos1.usuario",
    "pk": 1,
    "fields": {
        "nombre": "Enough fish myself into article late project. Share responsibility white address care. Option wall past time their their for.",
        "correo_electronico": "Mother exist threat. Last care of office structure.\nFine newspaper pretty business claim. Fund suffer policy beyond cause. Company long crime someone.",
        "contraseña": "Possible draw full. Mouth wonder meet put interesting way.\nImportant talk me after one respond. Republican not believe.\nEnjoy wait authority run section. Project out single trial short loss product.",
        "fecha_registro": "2024-10-10T09:07:08.895Z"
    }
},
{
    "model": "PracticaModelos1.usuario",
    "pk": 2,
    "fields": {
        "nombre": "Involve hour others especially citizen claim floor. Fear from discuss cause father job.",
        "correo_electronico": "Traditional less provide whom statement out dog. Say six mind better under myself design defense. Hope significant return side before wear.",
        "contraseña": "Another her market. Street quality upon let total game investment. Thing enough plant security. Nearly company music model in.",
        "fecha_registro": "2024-10-10T09:07:08.895Z"
    }
},
{
    "model": "PracticaModelos1.usuario",
    "pk": 3,
    "fields": {
        "nombre": "Chance manager question direction. Nor letter outside ok mind hotel oil. Plant relationship stock glass position travel article.",
        "correo_electronico": "Edge job back couple in region. Show resource remember money pressure author. Let break everyone general recent population enough.\nSouthern author himself quality. Win plan pick job course.",
        "contraseña": "Skin stop can possible cause language. Down sport body majority right. Rest these improve player black.",
        "fecha_registro": "2024-10-10T09:07:08.895Z"
    }
},
{
    "model": "PracticaModelos1.usuario",
    "pk": 4,
    "fields": {
        "nombre": "Away dog skin piece some word few. Store when difference eat. Through eat box attorney property away wife.",
        "correo_electronico": "Happy whether daughter Democrat. Model series far knowledge take put.\nFast act buy so put Congress. Keep participant political site different number cup.",
        "contraseña": "Read town market president hospital whether let area.\nThus Republican need whose direction nice start. Important drug poor structure late. Raise senior land already modern kid.",
        "fecha_registro": "2024-10-10T09:07:08.895Z"
    }
},
{
    "model": "PracticaModelos1.usuario",
    "pk": 5,
    "fields": {
        "nombre": "Turn war past resource marriage economic hair. Line sport team blue church against. Oil you structure card to.",
        "correo_electronico": "Ask book service line seem sign challenge. Half yeah concern course me college.\nConsider single trial least. Around community yet bill book worry.",
        "contraseña": "Factor set can particular. Reflect support color house some. Send policy bag loss simply almost money.\nOf interview reduce task note which peace. Together question despite.",
        "fecha_registro": "2024-10-10T09:07:08.895Z"
    }
},
{
    "model": "PracticaModelos1.usuario",
    "pk": 6,
    "fields": {
        "nombre": "Whom box kid quickly. Early respond opportunity next.\nAway teach guy glass culture hair recent. Although already vote either president.",
        "correo_electronico": "Plan and others present reality quality. His war organization able training nearly somebody.\nCompany outside do budget occur. Reduce commercial not leave when. Religious statement consider hand.",
        "contraseña": "Appear one continue name decade impact. Heart author need enter benefit similar blue. Energy address determine enough.\nMake data next visit center responsibility. Under beat fact war near leader.",
        "fecha_registro": "2024-10-10T09:07:08.895Z"
    }
},
{
    "model": "PracticaModelos1.usuario",
    "pk": 7,
    "fields": {
        "nombre": "Plant sound bill can recently lot. At really event.\nMonth since get side best sense learn. Short history concern behavior.",
        "correo_electronico": "Possible against particularly consumer still sea. Less me drive note. Later American office price.\nFive ground lawyer deal. Teach firm easy buy guy.",
        "contraseña": "Audience force key rise past difficult until. Consider represent stop white building top.\nThemselves serve because music I. Lose specific source. Reach student around smile.",
        "fecha_registro": "2024-10-10T09:07:08.895Z"
    }
},
{
    "model": "PracticaModelos1.usuario",
    "pk": 8,
    "fields": {
        "nombre": "When know machine pick author by. Friend most just few capital consider short. Find relationship tend nice pass explain.",
        "correo_electronico": "Expect read once receive tell. Sing place guess choice American. Add plant hair challenge. Budget rich there clearly get truth military.",
        "contraseña": "Appear month sometimes difference family simply force. Yes provide nor suffer responsibility.",
        "fecha_registro": "2024-10-10T09:07:08.895Z"
    }
},
{
    "model": "PracticaModelos1.usuario",
    "pk": 9,
    "fields": {
        "nombre": "Simple relate whether tonight. Outside Democrat range party everyone. Little stage nation pick available trial.",
        "correo_electronico": "Consider artist address identify tend five none. Collection various between sister house want month. Hard guess nor his.\nEconomy since everything project court official process.\nWant could behind.",
        "contraseña": "Anyone large Mr society deal will. Travel across head respond brother. Edge seek country impact big.\nCrime type democratic maybe building best note explain. Rich simple think arm personal collection.",
        "fecha_registro": "2024-10-10T09:07:08.895Z"
    }
},
{
    "model": "PracticaModelos1.usuario",
    "pk": 10,
    "fields": {
        "nombre": "Billion receive dinner check simple clear specific call. Score class eat throughout drug. Fish modern scientist little cover hold try.",
        "correo_electronico": "Car direction customer million. Fear future often college study. Same term total fire.",
        "contraseña": "Hundred against own phone traditional act why. Leader read people. Short letter and alone indicate.",
        "fecha_registro": "2024-10-10T09:07:08.895Z"
    }
},
{
    "model": "PracticaModelos1.usuario",
    "pk": 11,
    "fields": {
        "nombre": "Herself book responsibility store most share tend.\nCountry during operation near.",
        "correo_electronico": "Family Mrs white such. Ahead above improve thus government six.",
        "contraseña": "Tree street work role garden course. Manage both garden than. Behavior out win relationship recently and.\nMe art we. Fish force in art.\nAcross experience discussion agreement. Third national poor.",
        "fecha_registro": "2024-10-10T09:07:08.895Z"
    }
},
{
    "model": "PracticaModelos1.usuario",
    "pk": 12,
    "fields": {
        "nombre": "Interest across draw protect yes. Beat consider lawyer also. Discussion here miss mind specific. May science keep drug name too word.",
        "correo_electronico": "Continue day us indeed baby method sell. Each ok word city explain. Wish edge democratic red so more thus.\nMeeting see maybe present.",
        "contraseña": "Sell watch quickly and middle evening now. Smile business people memory even even top.",
        "fecha_registro": "2024-10-10T09:07:08.895Z"
    }
},
{
    "model": "PracticaModelos1.usuario",
    "pk": 13,
    "fields": {
        "nombre": "Street including something story plant. Serve always leg while. After send during beat game painting participant.",
        "correo_electronico": "Against carry cultural fish first night activity. Only show couple color nation daughter take series. Second prevent world little human.\nAllow gas at will see. Young fire down condition again six.",
        "contraseña": "Individual near statement music drop.\nEveryone TV look occur direction visit. Enough two food forget. Will seek approach serious.",
        "fecha_registro": "2024-10-10T09:07:08.895Z"
    }
},
{
    "model": "PracticaModelos1.usuario",
    "pk": 14,
    "fields": {
        "nombre": "Sport author sea south field you. Laugh entire value moment write three. Candidate front address evidence.",
        "correo_electronico": "Themselves always series about fine big reason. Enter across father Democrat fact rate. No inside former to maybe same perform.",
        "contraseña": "Gun shake tend test occur break. Peace page man walk value which.\nWar cup guess free probably. Kitchen area color manager. Staff usually research religious development glass.",
        "fecha_registro": "2024-10-10T09:07:08.895Z"
    }
},
{
    "model": "PracticaModelos1.usuario",
    "pk": 15,
    "fields": {
        "nombre": "Collection threat play somebody debate. Tax avoid agency well.",
        "correo_electronico": "Bag should support everybody financial late. Interest court modern plant final head. Under player four movement local must.",
        "contraseña": "Behavior else happy ago. Suddenly huge sometimes.\nIndividual military likely window first discuss. Threat black wide phone wrong walk color remember.",
        "fecha_registro": "2024-10-10T09:07:08.895Z"
    }
},
{
    "model": "PracticaModelos1.usuario",
    "pk": 16,
    "fields": {
        "nombre": "Wind race member significant water between sure whatever. Evening college be animal avoid here.",
        "correo_electronico": "Government interview hand dinner goal method win. Special former amount thing. Specific single building hard herself fear somebody. Soldier next discussion concern.",
        "contraseña": "Fly explain camera town. Idea movie second suddenly development.\nLeg room minute box positive enjoy professional. Require program though total inside Democrat.",
        "fecha_registro": "2024-10-10T09:07:08.895Z"
    }
},
{
    "model": "PracticaModelos1.usuario",
    "pk": 17,
    "fields": {
        "nombre": "Media yourself buy pressure white imagine no throw. Others American have.\nThen newspaper natural cause. Upon skin return strong memory vote.",
        "correo_electronico": "Education cut environmental adult shake. Provide ask imagine send likely race.\nTask whom American main recognize bit. Still several skin wind give role none sell. While value can lawyer college find.",
        "contraseña": "Of future provide increase. Among for chance set address. Research most beautiful every special build garden paper.",
        "fecha_registro": "2024-10-10T09:07:08.895Z"
    }
},
{
    "model": "PracticaModelos1.usuario",
    "pk": 18,
    "fields": {
        "nombre": "Mouth peace likely least help production kid.\nResult like carry.\nDiscussion away six same suddenly. Serious seem despite piece every.",
        "correo_electronico": "Much everyone like worry national long. Of receive situation more account feel in.\nRecognize create benefit we. One environment bag plant image age. Evidence note finish expert central bed.",
        "contraseña": "Arm ground billion find herself provide read range. Choice ever teacher can record check bad know.\nAttack me model would they event. Service his ago yourself.",
        "fecha_registro": "2024-10-10T09:07:08.895Z"
    }
},
{
    "model": "PracticaModelos1.usuario",
    "pk": 19,
    "fields": {
        "nombre": "System few scientist. Feel serious oil set. Avoid share few war.\nHour religious certainly daughter newspaper either.",
        "correo_electronico": "Decade glass national we thought. Pay son item gas arm might only. Miss as boy hear. Appear land debate four pattern.\nThought describe culture adult. Scientist capital hold term.",
        "contraseña": "Away model kitchen cold enter particular. Just medical kitchen eight. Situation add blood.",
        "fecha_registro": "2024-10-10T09:07:08.895Z"
    }
},
{
    "model": "PracticaModelos1.usuario",
    "pk": 20,
    "fields": {
        "nombre": "Administration per probably fast. Pretty choose door money it. Break time hospital share.",
        "correo_electronico": "You cost language. Something cost sound head already. Imagine spring check speak study event.\nBecause interview happen better himself issue individual seven.",
        "contraseña": "Together board future follow lawyer ability heart consider. Others event stage admit. Set term out opportunity.",
        "fecha_registro": "2024-10-10T09:07:08.895Z"
    }
},
{
    "model": "PracticaModelos1.usuario",
    "pk": 21,
    "fields": {
        "nombre": "No ready democratic energy it send time. Stuff phone beyond the return. Real worry either stock officer concern.",
        "correo_electronico": "Kind morning real blood despite. Tend character six career eat region employee. Recently respond ago carry itself service.",
        "contraseña": "After different field before board. Fill subject brother fight information food middle property. For quality theory across main home before.\nWorker happen minute. Once real vote myself purpose.",
        "fecha_registro": "2024-10-10T09:07:08.895Z"
    }
},
{
    "model": "PracticaModelos1.usuario",
    "pk": 22,
    "fields": {
        "nombre": "Short adult note large across into three. Light floor child politics plant type suggest. Purpose story enough follow like agent beat guess.",
        "correo_electronico": "Occur present consumer court sometimes send itself.\nNatural detail visit tend stuff prevent to. Price do present serious agency. Treatment rather indeed enough environment card in.",
        "contraseña": "Past its pretty some action within. Machine show color south fly. Occur need best short time how.",
        "fecha_registro": "2024-10-10T09:07:08.895Z"
    }
},
{
    "model": "PracticaModelos1.usuario",
    "pk": 23,
    "fields": {
        "nombre": "At catch discussion. Dinner idea remain design discuss whose song. Real near daughter father listen type.",
        "correo_electronico": "Third share responsibility human such term into. Ask firm doctor.\nFoot floor tough fear live main education. Spring hot yet environmental reach research. Young rich hold sense.",
        "contraseña": "Keep base voice glass art. Seek a more he. Attention Mrs partner safe.\nVisit read join last attention. Put weight dark serve recognize.\nFew despite eat simply. Low offer for act former really.",
        "fecha_registro": "2024-10-10T09:07:08.895Z"
    }
},
{
    "model": "PracticaModelos1.usuario",
    "pk": 24,
    "fields": {
        "nombre": "Cup poor certainly laugh serve between play.",
        "correo_electronico": "Whatever continue former together manage. Everything within government everything today feel administration unit. Lead station since movement soldier officer.",
        "contraseña": "Meeting career treat something site describe suddenly. Relationship issue floor drop south nation decade exactly.",
        "fecha_registro": "2024-10-10T09:07:08.895Z"
    }
},
{
    "model": "PracticaModelos1.usuario",
    "pk": 25,
    "fields": {
        "nombre": "Surface travel often finally resource although. Yard huge everything entire certain them just. Me onto become mean recognize.",
        "correo_electronico": "Between response suffer memory get. Theory computer growth site summer manage. Money assume audience total agree group.\nPolicy machine its brother turn role. Catch story sister expert.",
        "contraseña": "Across just quickly page report cup gas. Writer reach action particularly list century mouth person. Decide arrive whose. Garden less upon middle next establish.",
        "fecha_registro": "2024-10-10T09:07:08.895Z"
    }
},
{
    "model": "PracticaModelos1.usuario",
    "pk": 26,
    "fields": {
        "nombre": "Behind tough new color smile house. Program number happen likely real.\nFear sell safe many different fund toward. Play best skin street.",
        "correo_electronico": "Mother court economic area manager sound treat. Interview it on ok environmental table and. Form finally meet senior. Box enough they need.",
        "contraseña": "Open direction shoulder gun since. Hand spend vote middle responsibility. Send onto general foot order blood push.",
        "fecha_registro": "2024-10-10T09:07:08.895Z"
    }
},
{
    "model": "PracticaModelos1.usuario",
    "pk": 27,
    "fields": {
        "nombre": "Serious miss strong society. Let remain onto positive able account. Also fight thank sister attention with.",
        "correo_electronico": "Religious loss employee coach most our.\nHuman analysis rock. Director gun whom stop why upon pass.",
        "contraseña": "Maintain evidence hair wonder least fight. Always indeed population or.\nPoor must impact world reality. Necessary knowledge may. Guy education off open mean.",
        "fecha_registro": "2024-10-10T09:07:08.895Z"
    }
},
{
    "model": "PracticaModelos1.usuario",
    "pk": 28,
    "fields": {
        "nombre": "Only point finally. National of four ten attention. Huge risk senior compare build.",
        "correo_electronico": "Rather indeed specific edge. Off adult wind art each. After last wide television itself foreign painting.",
        "contraseña": "Blood far upon wind change. Care stage one performance natural few. Affect sister truth agreement large.\nMind conference some investment bed take who. Science project how on. Lawyer deep listen life.",
        "fecha_registro": "2024-10-10T09:07:08.895Z"
    }
},
{
    "model": "PracticaModelos1.usuario",
    "pk": 29,
    "fields": {
        "nombre": "Current politics official. Seek outside camera organization church pick young.",
        "correo_electronico": "Society less character likely example fine hot. Star officer more partner ask their range.\nTrade treat rule each another area. Five story drive.",
        "contraseña": "Manage green society career road citizen whether wish. Participant memory deep million seek. Pressure single feel together thus.",
        "fecha_registro": "2024-10-10T09:07:08.895Z"
    }
},
{
    "model": "PracticaModelos1.usuario",
    "pk": 30,
    "fields": {
        "nombre": "End ever unit identify possible water. Create oil adult with hair. Will girl to Mrs.",
        "correo_electronico": "Happen common focus theory miss. Three pick wrong major ahead line. Add compare minute along growth reality.",
        "contraseña": "Black material skin seat Republican season. Forget gun tend notice notice free.",
        "fecha_registro": "2024-10-10T09:07:08.895Z"
    }
},
{
    "model": "PracticaModelos1.proyecto",
    "pk": 1,
    "fields": {
        "nombre": "Manage different develop protect tax these. Ground clearly these. Give nor support military particularly hospital.\nSize among agreement usually. Mind read guy hit soldier. Among finally develop personal during.",
        "descripcion": "Miss because commercial market somebody candidate. Her from remember other. Over author teacher hear apply right democratic truth.\nIndeed listen expert film. Need those with fall window foreign by.",
        "duracion_estimada": 0.20104291709913757,
        "fecha_inicio": "2024-10-10",
        "fecha_finalizacion": "2012-06-29",
        "creador": 6,
        "Asignaciones": [
            2
        ]
    }
},
{
    "model": "PracticaModelos1.proyecto",
    "pk": 2,
    "fields": {
        "nombre": "Year leg family. Husband miss generation audience head magazine. Talk body certain draw five final.\nWhether station measure sense market he dream. Do family structure break tonight apply. Tree defense believe successful heavy anyone possible adult.",
        "descripcion": "Between door oil other. Wide group reflect by dream. Whole heart return gas high follow.\nTrue approach off manage stuff run prove. Might should range road fill sister.",
        "duracion_estimada": 0.19818615655675265,
        "fecha_inicio": "2024-10-10",
        "fecha_finalizacion": "1998-05-29",
        "creador": 9,
        "Asignaciones": [
            4,
            5,
            9,
            19
        ]
    }
},
{
    "model": "PracticaModelos1.proyecto",
    "pk": 3,
    "fields": {
        "nombre": "From happen security personal this. Cover evening collection determine on. Early single learn result consumer follow.\nYet over structure. Environmental century possible before traditional we. Floor shoulder wear indeed.",
        "descripcion": "Quality mind sing president tend situation. Second smile finish everyone campaign born receive. Forget agent owner exactly section while charge trade.",
        "duracion_estimada": 0.16336372804140054,
        "fecha_inicio": "2024-10-10",
        "fecha_finalizacion": "1986-10-14",
        "creador": 15,
        "Asignaciones": [
            4
        ]
    }
},
{
    "model": "PracticaModelos1.proyecto",
    "pk": 4,
    "fields": {
        "nombre": "Build management tell professor mother happen. Bag player space half structure same. More region again move thousand speech.",
        "descripcion": "Threat of take attack before. Allow agency around debate. Billion everyone perform.\nSame talk organization food watch hotel for. Beat each matter. Somebody fear benefit condition production very us.",
        "duracion_estimada": 0.01164633463535858,
        "fecha_inicio": "2024-10-10",
        "fecha_finalizacion": "1991-05-12",
        "creador": 11,
        "Asignaciones": [
            4,
            6,
            18,
            20,
            22,
            28,
            29
        ]
    }
},
{
    "model": "PracticaModelos1.proyecto",
    "pk": 5,
    "fields": {
        "nombre": "Buy can film science travel blue key. Often less four rather. Next single exist least story school amount.\nShake especially service great season in realize.",
        "descripcion": "Degree couple hear suddenly poor support. Space training then write series official series. Set likely commercial culture must leg fear third.",
        "duracion_estimada": 0.4277981280327965,
        "fecha_inicio": "2024-10-10",
        "fecha_finalizacion": "1971-01-27",
        "creador": 4,
        "Asignaciones": [
            11,
            16
        ]
    }
},
{
    "model": "PracticaModelos1.proyecto",
    "pk": 6,
    "fields": {
        "nombre": "Clearly firm various defense. Power political begin begin. Explain likely community card country ago along.\nApply section relationship you. Rich space option number space.",
        "descripcion": "Enter as whose form history beautiful single. Just day should sort former.",
        "duracion_estimada": 0.9051394712070144,
        "fecha_inicio": "2024-10-10",
        "fecha_finalizacion": "1987-10-16",
        "creador": 14,
        "Asignaciones": [
            19,
            24
        ]
    }
},
{
    "model": "PracticaModelos1.proyecto",
    "pk": 7,
    "fields": {
        "nombre": "Treatment church last door. Official your than. Soon the until.\nStructure worry money may. Fish trouble like detail where consider.\nDuring rate director.\nMemory writer ability sell Congress power. Fill artist common.\nPlay for million present dark.",
        "descripcion": "Character work technology will other. Professor card establish recently head leader discover a. Bill force nothing continue rest majority. Reach manage long note meet debate.",
        "duracion_estimada": 0.3298754271031743,
        "fecha_inicio": "2024-10-10",
        "fecha_finalizacion": "1992-09-08",
        "creador": 25,
        "Asignaciones": [
            2,
            10,
            12,
            21,
            23
        ]
    }
},
{
    "model": "PracticaModelos1.proyecto",
    "pk": 8,
    "fields": {
        "nombre": "Inside every late hope want also feel film. List later health man life. Exactly line fight television.\nLight executive manage daughter economic use own. Both receive success current before glass. Against up real film talk lot.",
        "descripcion": "He cultural all kitchen help player per. Card sister example personal actually pay condition. Sure political necessary store these.",
        "duracion_estimada": 0.3651608428920706,
        "fecha_inicio": "2024-10-10",
        "fecha_finalizacion": "1995-12-04",
        "creador": 9,
        "Asignaciones": [
            5,
            20,
            22,
            28,
            30
        ]
    }
},
{
    "model": "PracticaModelos1.proyecto",
    "pk": 9,
    "fields": {
        "nombre": "Social sound marriage along site. Join now either ok conference government market.\nReflect concern record remember card simply.",
        "descripcion": "Risk include say never campaign clear coach hundred. Hotel dark mission face guy. Company strong attention professor call.",
        "duracion_estimada": 0.2437879235455389,
        "fecha_inicio": "2024-10-10",
        "fecha_finalizacion": "1971-04-22",
        "creador": 2,
        "Asignaciones": [
            18,
            27,
            29
        ]
    }
},
{
    "model": "PracticaModelos1.proyecto",
    "pk": 10,
    "fields": {
        "nombre": "Each necessary natural could light age.\nPerson across key enter. Design property ten magazine. Create street range whether reason product.\nSuch real middle dog. Before teach standard town her.",
        "descripcion": "Term expert drug test organization live. We movement condition who many local expect.",
        "duracion_estimada": 0.9352368738413617,
        "fecha_inicio": "2024-10-10",
        "fecha_finalizacion": "1983-12-13",
        "creador": 5,
        "Asignaciones": [
            15,
            30
        ]
    }
},
{
    "model": "PracticaModelos1.proyecto",
    "pk": 11,
    "fields": {
        "nombre": "Bed offer green forward develop class research. Yet director put Mrs a. Leg none past member which at discover. Sing site follow stuff popular investment.\nDeal author this hear. Of far world spring shoulder meet never.",
        "descripcion": "Data join data notice take thank. Public college skin visit forward. Culture cut clear both tax trade south.",
        "duracion_estimada": 0.5317994664646996,
        "fecha_inicio": "2024-10-10",
        "fecha_finalizacion": "1977-03-26",
        "creador": 2,
        "Asignaciones": [
            28
        ]
    }
},
{
    "model": "PracticaModelos1.proyecto",
    "pk": 12,
    "fields": {
        "nombre": "Official fund first point ten. Help opportunity sense discussion article third. Line prepare marriage more push. Page style seat state.\nSurface large north performance agree back capital bar. Century before treat thing focus seek. Send military boy.",
        "descripcion": "Yet win talk name travel. Campaign help crime instead really us office lot. Trip rock effort subject road among.",
        "duracion_estimada": 0.8840700215446257,
        "fecha_inicio": "2024-10-10",
        "fecha_finalizacion": "2001-11-16",
        "creador": 24,
        "Asignaciones": [
            1,
            12,
            20,
            22,
            24,
            30
        ]
    }
},
{
    "model": "PracticaModelos1.proyecto",
    "pk": 13,
    "fields": {
        "nombre": "Back style foot measure guy upon family. Environment begin difference gun ahead. Accept authority leg.\nAccount clear PM family miss. Explain red question next take save position.\nSuffer rich change about. Piece skill seem above author.",
        "descripcion": "Question energy vote mother. Everyone consumer resource prevent edge.\nThen technology end top yet exactly.",
        "duracion_estimada": 0.7226711112574756,
        "fecha_inicio": "2024-10-10",
        "fecha_finalizacion": "2011-07-30",
        "creador": 21,
        "Asignaciones": [
            10,
            16
        ]
    }
},
{
    "model": "PracticaModelos1.proyecto",
    "pk": 14,
    "fields": {
        "nombre": "Pick cause suddenly arm.\nEat anything prove. A walk create rather forget red floor.\nWithin there debate million bag. Form available put baby quickly include specific.\nExpect power your like much. Sure protect cover skill.",
        "descripcion": "Bar heavy close somebody walk down however. Environmental culture wife mind. Stop their he sit station.",
        "duracion_estimada": 0.3891887161688531,
        "fecha_inicio": "2024-10-10",
        "fecha_finalizacion": "1986-05-10",
        "creador": 13,
        "Asignaciones": [
            12,
            27,
            30
        ]
    }
},
{
    "model": "PracticaModelos1.proyecto",
    "pk": 15,
    "fields": {
        "nombre": "Teacher throughout degree with possible. Poor think relationship human. Total between will southern our imagine.\nStage especially base study article deep hold. Game town carry myself guess daughter.",
        "descripcion": "Computer mouth use hear practice.\nQuality tell fill also report. School be east stop follow development daughter. Responsibility middle social door agree.",
        "duracion_estimada": 0.9800182355201343,
        "fecha_inicio": "2024-10-10",
        "fecha_finalizacion": "1998-10-05",
        "creador": 10,
        "Asignaciones": [
            2,
            3,
            17
        ]
    }
},
{
    "model": "PracticaModelos1.proyecto",
    "pk": 16,
    "fields": {
        "nombre": "Billion wind life toward miss in carry. Move between same put baby test contain week.\nConsumer sport cost president single difference.",
        "descripcion": "Positive develop phone cover guy factor.\nSet might particularly leg yourself half I. Then performance allow close big treatment.",
        "duracion_estimada": 0.17649680879444918,
        "fecha_inicio": "2024-10-10",
        "fecha_finalizacion": "1981-04-15",
        "creador": 15,
        "Asignaciones": [
            10
        ]
    }
},
{
    "model": "PracticaModelos1.proyecto",
    "pk": 17,
    "fields": {
        "nombre": "Half middle life hit far. Add hit year dinner marriage.\nAttorney respond piece draw blue security. Leg this first reduce. Bill stock school conference although.\nLife discover conference rest chair system possible. Same record garden play now red.",
        "descripcion": "Picture question Mrs newspaper run and truth. Run mouth economic page stage letter.\nIssue federal season vote billion. Call investment hear collection meeting focus.",
        "duracion_estimada": 0.9870846113723492,
        "fecha_inicio": "2024-10-10",
        "fecha_finalizacion": "1993-01-24",
        "creador": 24,
        "Asignaciones": [
            2,
            5,
            21
        ]
    }
},
{
    "model": "PracticaModelos1.proyecto",
    "pk": 18,
    "fields": {
        "nombre": "Try while paper involve choose. Authority wonder writer magazine fight.\nWork sign describe bag my per heart. Story forget finish number southern move.\nWear present always call leader. Term away collection join left him positive who.",
        "descripcion": "Science fund while here. Single real today anyone ability open despite baby.\nEat again alone agree that project. Dinner describe in sign read wear. Owner real many start fight cup magazine.",
        "duracion_estimada": 0.47227000981575373,
        "fecha_inicio": "2024-10-10",
        "fecha_finalizacion": "1985-07-24",
        "creador": 25,
        "Asignaciones": [
            1,
            3,
            10
        ]
    }
},
{
    "model": "PracticaModelos1.proyecto",
    "pk": 19,
    "fields": {
        "nombre": "Rule general avoid degree. Party conference long audience white.\nLead or address discuss end. Process many force skill.\nFigure tree society ball strategy wish better gun. Pm although several meeting support.",
        "descripcion": "They away under network some should. Would benefit management relationship until a air.",
        "duracion_estimada": 0.8276667354614184,
        "fecha_inicio": "2024-10-10",
        "fecha_finalizacion": "1984-03-06",
        "creador": 30,
        "Asignaciones": [
            2,
            16,
            28
        ]
    }
},
{
    "model": "PracticaModelos1.proyecto",
    "pk": 20,
    "fields": {
        "nombre": "North business member fast home language now.\nFoot either today particular science officer. Project report walk know attorney anything. Such official job certain boy rate.",
        "descripcion": "Would reflect really ability. Language top sell act.\nStill either themselves parent newspaper. Appear serve blood message.",
        "duracion_estimada": 0.3621896956328361,
        "fecha_inicio": "2024-10-10",
        "fecha_finalizacion": "2011-10-11",
        "creador": 7,
        "Asignaciones": [
            5,
            8,
            16,
            19,
            27
        ]
    }
},
{
    "model": "PracticaModelos1.proyecto",
    "pk": 21,
    "fields": {
        "nombre": "Strategy form three myself cut wonder investment. Four avoid lay letter Mrs politics.\nKid point well same college brother participant watch. Figure clear throw.",
        "descripcion": "These treat can miss green white.\nIn oil prepare three mission. New face draw important form single. Sound sort environment official.",
        "duracion_estimada": 0.2085691172786701,
        "fecha_inicio": "2024-10-10",
        "fecha_finalizacion": "1985-03-22",
        "creador": 29,
        "Asignaciones": [
            4,
            15,
            27,
            30
        ]
    }
},
{
    "model": "PracticaModelos1.proyecto",
    "pk": 22,
    "fields": {
        "nombre": "Beyond religious TV appear easy green week. Fine reveal newspaper others.\nInformation big situation area within performance believe. Exactly nature give ever win. Line seek month before.",
        "descripcion": "Affect charge southern throw care government. Capital tree crime their sense worker. Picture avoid Republican address business answer upon.",
        "duracion_estimada": 0.010824646884582623,
        "fecha_inicio": "2024-10-10",
        "fecha_finalizacion": "1982-03-25",
        "creador": 10,
        "Asignaciones": [
            5,
            20,
            27
        ]
    }
},
{
    "model": "PracticaModelos1.proyecto",
    "pk": 23,
    "fields": {
        "nombre": "Everything rather life day left. Tv hour beat such. Before expert under long save.\nTrial their idea send voice.\nTable game prepare TV at detail. Indicate try sign stock garden yet authority. Enter family minute.",
        "descripcion": "Knowledge far value loss they professor. Career nature defense remain him sometimes.\nNice bed seek charge food adult. It those news record.",
        "duracion_estimada": 0.5103303789623882,
        "fecha_inicio": "2024-10-10",
        "fecha_finalizacion": "1997-09-14",
        "creador": 18,
        "Asignaciones": [
            1,
            2,
            6,
            12
        ]
    }
},
{
    "model": "PracticaModelos1.proyecto",
    "pk": 24,
    "fields": {
        "nombre": "Memory pass environment test call whatever. Indicate Republican staff institution significant.\nTwo financial your program lay where board like. Rock hair she something night weight degree.\nExperience at huge idea.",
        "descripcion": "Look them school lead seek. Identify red data base. This trip any.\nThat nor training nature get positive. Top suddenly both magazine offer detail. Cost fact right dark.",
        "duracion_estimada": 0.8795477972566806,
        "fecha_inicio": "2024-10-10",
        "fecha_finalizacion": "1997-02-25",
        "creador": 22,
        "Asignaciones": [
            7,
            8,
            14,
            21,
            22,
            25,
            27
        ]
    }
},
{
    "model": "PracticaModelos1.proyecto",
    "pk": 25,
    "fields": {
        "nombre": "Car such forget most. Firm them blue market available. Likely agreement easy.\nWhile attorney Mr maybe green again money. Enjoy feel conference involve teacher official. Stand hospital rich cost past still owner two.",
        "descripcion": "Stay new pull happy join record must she. Serious measure industry than whatever. Eat blue here provide compare week.\nSet peace rather. Talk situation bill analysis girl need manager.",
        "duracion_estimada": 0.33404616018202116,
        "fecha_inicio": "2024-10-10",
        "fecha_finalizacion": "2009-03-27",
        "creador": 6,
        "Asignaciones": [
            15
        ]
    }
},
{
    "model": "PracticaModelos1.proyecto",
    "pk": 26,
    "fields": {
        "nombre": "Station management class evening. Write man join author hold size. Week exist win chair.\nStatement magazine run second discussion become industry. Parent or hope become dark.",
        "descripcion": "Control whatever east course here either story. Possible perform edge describe discuss organization center. Plant improve step training.\nAfter cause order south. Discuss listen hear no.",
        "duracion_estimada": 0.18829292971815592,
        "fecha_inicio": "2024-10-10",
        "fecha_finalizacion": "1994-04-06",
        "creador": 29,
        "Asignaciones": [
            1,
            12,
            15,
            20,
            22,
            23
        ]
    }
},
{
    "model": "PracticaModelos1.proyecto",
    "pk": 27,
    "fields": {
        "nombre": "Nice anything president trial old. Expect approach of effort outside. Goal west performance recently.",
        "descripcion": "Seven behavior save material worry weight ago. Picture sure citizen mother as their water. Far open child standard quickly second present.",
        "duracion_estimada": 0.99097630190214,
        "fecha_inicio": "2024-10-10",
        "fecha_finalizacion": "1978-03-13",
        "creador": 24,
        "Asignaciones": [
            14,
            19,
            30
        ]
    }
},
{
    "model": "PracticaModelos1.proyecto",
    "pk": 28,
    "fields": {
        "nombre": "Fine somebody bit. Bill however possible. Purpose peace help finally might subject local.\nPainting suggest education enough owner us. Determine beyond life. Law ok movement boy election.",
        "descripcion": "Member turn hour later sign kid. Push by action be relationship. Create door matter.\nProduce various else effect. Their meet light work.",
        "duracion_estimada": 0.7386156984857412,
        "fecha_inicio": "2024-10-10",
        "fecha_finalizacion": "2002-08-03",
        "creador": 2,
        "Asignaciones": [
            4,
            17,
            18,
            19
        ]
    }
},
{
    "model": "PracticaModelos1.proyecto",
    "pk": 29,
    "fields": {
        "nombre": "Future within history laugh sport site would by. Sure how one pull manager. Land in light third.\nStore simply protect success enter animal family.\nYou one say later special bring. Ago wind company notice little specific us.",
        "descripcion": "Account head east impact onto. Arm arm charge may whatever bad task.\nGrowth family let positive. Him building key sport need special east. Respond put several drop sit race drop.",
        "duracion_estimada": 0.11873936041110866,
        "fecha_inicio": "2024-10-10",
        "fecha_finalizacion": "1990-07-29",
        "creador": 17,
        "Asignaciones": [
            10,
            13,
            22,
            27
        ]
    }
},
{
    "model": "PracticaModelos1.proyecto",
    "pk": 30,
    "fields": {
        "nombre": "Strong on recently myself method learn.\nWhom win short it card brother. Article ability college color tough deal exactly. Energy series it professional ability. Family foot art father nice middle blue your.",
        "descripcion": "Major until nice policy drop PM something. Day church road police where would. Focus level senior should sign knowledge.\nYes yeah know he person task water.",
        "duracion_estimada": 0.7100731555949638,
        "fecha_inicio": "2024-10-10",
        "fecha_finalizacion": "1976-09-01",
        "creador": 4,
        "Asignaciones": [
            4,
            10,
            17,
            21,
            22,
            29
        ]
    }
},
{
    "model": "PracticaModelos1.tarea",
    "pk": 1,
    "fields": {
        "titulo": "Media the finish imagine court recent. Sense camera identify important ten know enter. Century eat foot some fight describe speech.\nEnter author whatever people age rule. Race age hospital instead evidence blue new. Church page respond treatment.",
        "descripcion": "President house interview back writer. Move Congress arrive cover. Safe company lawyer floor article dark.",
        "prioridad": 5470,
        "estado": "Pendiente",
        "completada": false,
        "fecha_creacion": "2024-10-10",
        "hora_vencimiento": "17:27:27",
        "creador": 3,
        "proyecto": 5
    }
},
{
    "model": "PracticaModelos1.tarea",
    "pk": 2,
    "fields": {
        "titulo": "Family voice a. Walk soldier measure focus often thousand.\nMajor week street open. Too small front fine society represent.\nPerformance can size among hotel teach generation. Article road audience again matter.",
        "descripcion": "Office new bar fly. Something alone I Republican determine far candidate.\nFinally material want perform wonder report management create.",
        "prioridad": -6250,
        "estado": "Pendiente",
        "completada": false,
        "fecha_creacion": "2024-10-10",
        "hora_vencimiento": "01:37:33",
        "creador": 8,
        "proyecto": 19
    }
},
{
    "model": "PracticaModelos1.tarea",
    "pk": 3,
    "fields": {
        "titulo": "Unit us image his trouble without. Explain as community spend give. Decade skin day enjoy open item dinner politics.\nClass think range simply later wall institution. Front knowledge different. List practice happy possible.",
        "descripcion": "Health wall maybe style near none close. Huge former second head act.\nFire go war piece affect participant.",
        "prioridad": -28891,
        "estado": "Pendiente",
        "completada": false,
        "fecha_creacion": "2024-10-10",
        "hora_vencimiento": "22:31:57",
        "creador": 18,
        "proyecto": 1
    }
},
{
    "model": "PracticaModelos1.tarea",
    "pk": 4,
    "fields": {
        "titulo": "History must enter or. Herself receive born summer create industry add.\nMy war enough. Look hour manage hit tend wife.\nMaterial reveal conference social almost. Thing usually four world get.\nAnalysis care herself behavior act price nice.",
        "descripcion": "Purpose use short. Media reduce lose very fine.\nFish this strategy certain. Me hair probably claim article less Congress. Half happen ground. Miss stay court person there.",
        "prioridad": -5729,
        "estado": "Pendiente",
        "completada": true,
        "fecha_creacion": "2024-10-10",
        "hora_vencimiento": "03:45:01",
        "creador": 30,
        "proyecto": 29
    }
},
{
    "model": "PracticaModelos1.tarea",
    "pk": 5,
    "fields": {
        "titulo": "Book own hand value place threat travel. Remember child study example majority. Every each support standard.\nOffice apply him mind various image direction. Sign ok form concern.\nCenter current task mouth.",
        "descripcion": "Word also book list field market physical. Water around success any dinner race treat short. Group term set race relate herself.",
        "prioridad": 17905,
        "estado": "Pendiente",
        "completada": true,
        "fecha_creacion": "2024-10-10",
        "hora_vencimiento": "04:11:05",
        "creador": 17,
        "proyecto": 27
    }
},
{
    "model": "PracticaModelos1.tarea",
    "pk": 6,
    "fields": {
        "titulo": "Order attack describe store cell budget value.\nTwo job research.\nFuture really forward message fish answer sense. Head or material nothing case process. Girl nice sister main born heart eye. Quality in glass range science realize.",
        "descripcion": "Figure serve Democrat election crime short western generation. Point mother international management treatment. Option loss reality make staff certain perform strong.",
        "prioridad": 3510,
        "estado": "Pendiente",
        "completada": false,
        "fecha_creacion": "2024-10-10",
        "hora_vencimiento": "05:46:03",
        "creador": 28,
        "proyecto": 5
    }
},
{
    "model": "PracticaModelos1.tarea",
    "pk": 7,
    "fields": {
        "titulo": "Bank those quite large night concern then herself. Senior trip kid. Charge offer machine executive politics.\nDown listen improve face result hour. Contain number threat turn. Truth page deep long structure.",
        "descripcion": "Value list go happen television ago type leader. Teacher operation measure economic. Sit staff during involve system most yard theory.\nThem thank about young.",
        "prioridad": 23808,
        "estado": "Pendiente",
        "completada": false,
        "fecha_creacion": "2024-10-10",
        "hora_vencimiento": "07:26:13",
        "creador": 11,
        "proyecto": 6
    }
},
{
    "model": "PracticaModelos1.tarea",
    "pk": 8,
    "fields": {
        "titulo": "Key myself where party our. Where guess attorney pressure. Need much follow level.",
        "descripcion": "Training force someone whole of history treat. Hair into reason or college. Too glass argue must education pull.\nDiscussion single discuss next.\nRelationship early treat although about however.",
        "prioridad": 20591,
        "estado": "Pendiente",
        "completada": true,
        "fecha_creacion": "2024-10-10",
        "hora_vencimiento": "14:32:13",
        "creador": 2,
        "proyecto": 19
    }
},
{
    "model": "PracticaModelos1.tarea",
    "pk": 9,
    "fields": {
        "titulo": "Economy million in cultural yard create. However receive these instead street first card.\nWhen certainly type type defense authority between.\nNever huge quality person. Firm response seven high the energy.",
        "descripcion": "Kind difficult democratic fall song brother ask. Put put over board admit through member manager.",
        "prioridad": -19861,
        "estado": "Pendiente",
        "completada": false,
        "fecha_creacion": "2024-10-10",
        "hora_vencimiento": "04:23:27",
        "creador": 11,
        "proyecto": 11
    }
},
{
    "model": "PracticaModelos1.tarea",
    "pk": 10,
    "fields": {
        "titulo": "Sometimes information provide financial practice main. Need a onto office few process. Just agent star skin rest.\nInclude better stand management economy take miss. Their then Democrat marriage.",
        "descripcion": "Choose short customer face writer race risk capital. Most indeed man she either attention design seven.",
        "prioridad": 27656,
        "estado": "Pendiente",
        "completada": true,
        "fecha_creacion": "2024-10-10",
        "hora_vencimiento": "15:14:32",
        "creador": 12,
        "proyecto": 8
    }
},
{
    "model": "PracticaModelos1.tarea",
    "pk": 11,
    "fields": {
        "titulo": "Two kid outside save interesting culture over. Discover need care reveal cold Congress very. Where here central.\nMrs budget best. Matter special room us.\nConference hit responsibility who mother test southern. Dream record answer themselves.",
        "descripcion": "In need step call table next dog message. Note stay month hand.\nWhere traditional according live trial. Often marriage final night near special trial media.\nConsider fly bag career difficult.",
        "prioridad": 24931,
        "estado": "Pendiente",
        "completada": false,
        "fecha_creacion": "2024-10-10",
        "hora_vencimiento": "09:29:02",
        "creador": 22,
        "proyecto": 19
    }
},
{
    "model": "PracticaModelos1.tarea",
    "pk": 12,
    "fields": {
        "titulo": "Best approach out decision first ball human test. Former happy at professional under team. Production box begin almost toward hair.\nCell participant he contain. Just recently space phone drug. Social outside order food reveal.",
        "descripcion": "Church guess adult write collection hold enjoy. Fly represent business report develop job.\nArm stop history various seem by although enough. Buy Congress different it.",
        "prioridad": -25031,
        "estado": "Pendiente",
        "completada": true,
        "fecha_creacion": "2024-10-10",
        "hora_vencimiento": "05:44:15",
        "creador": 30,
        "proyecto": 4
    }
},
{
    "model": "PracticaModelos1.tarea",
    "pk": 13,
    "fields": {
        "titulo": "Media serious floor we world green rich. Wind though miss artist along address.\nLawyer shoulder herself land. Four more oil southern grow yet skill. Poor material institution social wife window reveal.",
        "descripcion": "Look treat some your table rather clearly course. Strong recent standard could likely. Land Democrat very culture relationship. Bar others travel world nor condition.",
        "prioridad": 20836,
        "estado": "Pendiente",
        "completada": false,
        "fecha_creacion": "2024-10-10",
        "hora_vencimiento": "04:21:10",
        "creador": 1,
        "proyecto": 12
    }
},
{
    "model": "PracticaModelos1.tarea",
    "pk": 14,
    "fields": {
        "titulo": "Program notice note no change remember. Foot character toward house fast positive event floor. Green know who order poor remain half.",
        "descripcion": "Night majority know fall. Everybody base although note. Enough into beautiful interview benefit animal every save.\nClass seek feel blood must such. Scientist security her class election.",
        "prioridad": -28692,
        "estado": "Pendiente",
        "completada": true,
        "fecha_creacion": "2024-10-10",
        "hora_vencimiento": "08:16:55",
        "creador": 28,
        "proyecto": 8
    }
},
{
    "model": "PracticaModelos1.tarea",
    "pk": 15,
    "fields": {
        "titulo": "Light concern sure single serious building. Identify service into hold southern teacher.\nStage position every society population camera its.\nWear material myself war matter democratic people. Each door soon. Safe on professor.",
        "descripcion": "Mean not focus perhaps serious experience. Use through enjoy expect easy set.",
        "prioridad": -20628,
        "estado": "Pendiente",
        "completada": false,
        "fecha_creacion": "2024-10-10",
        "hora_vencimiento": "11:22:21",
        "creador": 19,
        "proyecto": 26
    }
},
{
    "model": "PracticaModelos1.tarea",
    "pk": 16,
    "fields": {
        "titulo": "Class class number seat loss such customer. Real party learn.\nAuthor head do use. Visit rather difference watch party major election. Between when present theory training Democrat.",
        "descripcion": "Kitchen although image week I half. Green anything concern suddenly. Away operation Republican her knowledge idea.",
        "prioridad": 1522,
        "estado": "Pendiente",
        "completada": true,
        "fecha_creacion": "2024-10-10",
        "hora_vencimiento": "05:10:51",
        "creador": 27,
        "proyecto": 13
    }
},
{
    "model": "PracticaModelos1.tarea",
    "pk": 17,
    "fields": {
        "titulo": "Three benefit hold draw. Herself stand character.\nLarge management stop democratic middle. Return computer message long environmental serve number alone.\nChild suffer leave begin huge situation. Can recently discover others. Much whole hear bit.",
        "descripcion": "Child security top claim say establish sign. After story institution. Strategy state role fast.\nWhite serve second.\nFrom none event green.",
        "prioridad": -16940,
        "estado": "Pendiente",
        "completada": true,
        "fecha_creacion": "2024-10-10",
        "hora_vencimiento": "14:38:07",
        "creador": 28,
        "proyecto": 3
    }
},
{
    "model": "PracticaModelos1.tarea",
    "pk": 18,
    "fields": {
        "titulo": "Training house staff once throughout central. Product claim decision but trip through week. Buy senior ahead if brother hospital left money.\nDifficult these mean state. Nearly political speak up again accept.",
        "descripcion": "Else article seat sign cold adult late mission.",
        "prioridad": 31268,
        "estado": "Pendiente",
        "completada": true,
        "fecha_creacion": "2024-10-10",
        "hora_vencimiento": "01:47:36",
        "creador": 10,
        "proyecto": 30
    }
},
{
    "model": "PracticaModelos1.tarea",
    "pk": 19,
    "fields": {
        "titulo": "Young pressure involve down billion pick. Help for food than save possible. Send house message field.\nMorning article teach bad soldier allow. Player wonder usually trade garden.\nJob conference natural case inside almost. Response do per away wear.",
        "descripcion": "Throw control eat into our. Cut body himself. Them teach data thank one.\nBuild event series responsibility recently lose.",
        "prioridad": -11565,
        "estado": "Pendiente",
        "completada": true,
        "fecha_creacion": "2024-10-10",
        "hora_vencimiento": "20:33:10",
        "creador": 20,
        "proyecto": 2
    }
},
{
    "model": "PracticaModelos1.tarea",
    "pk": 20,
    "fields": {
        "titulo": "Reach friend edge door. List exactly help our range effect develop.\nProcess cause together model. Generation nearly party business from.",
        "descripcion": "Security someone perform dinner.\nEven mind night. Less state through degree read box.",
        "prioridad": 25056,
        "estado": "Pendiente",
        "completada": true,
        "fecha_creacion": "2024-10-10",
        "hora_vencimiento": "14:19:09",
        "creador": 2,
        "proyecto": 1
    }
},
{
    "model": "PracticaModelos1.tarea",
    "pk": 21,
    "fields": {
        "titulo": "Boy evening rich term result first. Gun serve amount season actually section when.\nReturn guy threat key young bring.",
        "descripcion": "Ten adult make blue thought. Education person along culture.\nTechnology operation crime adult. Coach until others air growth into.",
        "prioridad": -6761,
        "estado": "Pendiente",
        "completada": false,
        "fecha_creacion": "2024-10-10",
        "hora_vencimiento": "00:31:10",
        "creador": 7,
        "proyecto": 11
    }
},
{
    "model": "PracticaModelos1.tarea",
    "pk": 22,
    "fields": {
        "titulo": "Plan town radio sort picture. Collection and experience remain career.\nCertain case computer eat. Perform around thank. Especially analysis author want long argue.",
        "descripcion": "Fall get large bar purpose it new. Court century win weight provide thus dark.\nPlay letter chance treat talk partner receive sport. Everyone author probably time training.",
        "prioridad": -28143,
        "estado": "Pendiente",
        "completada": false,
        "fecha_creacion": "2024-10-10",
        "hora_vencimiento": "16:56:06",
        "creador": 20,
        "proyecto": 11
    }
},
{
    "model": "PracticaModelos1.tarea",
    "pk": 23,
    "fields": {
        "titulo": "Power right service become situation meeting class film.\nAgain up enjoy former up later. Threat stock side bring. Series team guess lot.\nCollection production marriage single safe shake. On these first get common friend.",
        "descripcion": "Letter bank nation note responsibility away. Why dark us life movement treat charge rock.\nFive top evidence quickly.",
        "prioridad": -23985,
        "estado": "Pendiente",
        "completada": false,
        "fecha_creacion": "2024-10-10",
        "hora_vencimiento": "03:06:46",
        "creador": 12,
        "proyecto": 7
    }
},
{
    "model": "PracticaModelos1.tarea",
    "pk": 24,
    "fields": {
        "titulo": "Question bit I each performance imagine. Contain reason put back doctor at.\nFill her central cost body. Any find even decision carry standard central.\nWide difference management treat what daughter. Local approach service. Accept few husband.",
        "descripcion": "Car city month method. Grow whole rise rise success. Drug raise system leader or go.\nConsider anyone cultural range part. Source chance feeling fall production catch wide.",
        "prioridad": 15148,
        "estado": "Pendiente",
        "completada": false,
        "fecha_creacion": "2024-10-10",
        "hora_vencimiento": "00:19:10",
        "creador": 27,
        "proyecto": 29
    }
},
{
    "model": "PracticaModelos1.tarea",
    "pk": 25,
    "fields": {
        "titulo": "History color travel charge scene its talk. Defense game man.\nJoin by all able.\nTax include test success number. Report blood include read letter could. Mention water change news.",
        "descripcion": "Form first sister eight red usually. Firm light half however decision hot. Turn huge decide point our lead.\nMeeting ok reduce early continue.",
        "prioridad": -2297,
        "estado": "Pendiente",
        "completada": false,
        "fecha_creacion": "2024-10-10",
        "hora_vencimiento": "06:24:45",
        "creador": 1,
        "proyecto": 19
    }
},
{
    "model": "PracticaModelos1.tarea",
    "pk": 26,
    "fields": {
        "titulo": "Inside need town indicate. Usually as age design side. Billion feel executive stuff form.\nParent together TV body on region or worker. Evidence suffer push table.",
        "descripcion": "Plan do own drug entire head. Feeling whose whom person already small people law. Career yes seem evidence get.\nDinner interview above act. Anyone another my.",
        "prioridad": 10528,
        "estado": "Pendiente",
        "completada": true,
        "fecha_creacion": "2024-10-10",
        "hora_vencimiento": "06:57:23",
        "creador": 26,
        "proyecto": 12
    }
},
{
    "model": "PracticaModelos1.tarea",
    "pk": 27,
    "fields": {
        "titulo": "Central others trip along. Surface center very attorney. By religious pressure investment staff at.",
        "descripcion": "View remain forward shake really. Pressure figure dark none push painting site.\nBehind Mrs sort happen account wrong. Throw place experience account action talk.",
        "prioridad": -41,
        "estado": "Pendiente",
        "completada": true,
        "fecha_creacion": "2024-10-10",
        "hora_vencimiento": "06:02:25",
        "creador": 27,
        "proyecto": 20
    }
},
{
    "model": "PracticaModelos1.tarea",
    "pk": 28,
    "fields": {
        "titulo": "Learn pattern gun nice on able. Modern near without.\nThese effort think. Common woman field listen building compare. According trouble major send media something brother trouble.",
        "descripcion": "Model stage story red. Water approach prevent write. Once hotel the everyone from as exactly keep.\nRule reality if bar detail. Rise human social. Area enter plan.",
        "prioridad": -16549,
        "estado": "Pendiente",
        "completada": true,
        "fecha_creacion": "2024-10-10",
        "hora_vencimiento": "08:43:47",
        "creador": 29,
        "proyecto": 9
    }
},
{
    "model": "PracticaModelos1.tarea",
    "pk": 29,
    "fields": {
        "titulo": "Month just floor baby past remember source. Fill ask stock draw.\nI southern wide lay site arm me. Spend art field about born. Him campaign green member next since offer.",
        "descripcion": "Civil accept already sell hear. Hope yeah why could economic forward down defense. Seek day rise she position develop mention turn.",
        "prioridad": 32070,
        "estado": "Pendiente",
        "completada": true,
        "fecha_creacion": "2024-10-10",
        "hora_vencimiento": "16:02:53",
        "creador": 24,
        "proyecto": 3
    }
},
{
    "model": "PracticaModelos1.tarea",
    "pk": 30,
    "fields": {
        "titulo": "She stuff beyond might do despite. Church try rather we. Support short radio itself agency.\nHe network teacher per service section send. Tend reduce someone us girl education.",
        "descripcion": "Radio that central cell agency we cause. Thank few fish economy set hear employee at. South arrive specific choose.",
        "prioridad": 22185,
        "estado": "Pendiente",
        "completada": false,
        "fecha_creacion": "2024-10-10",
        "hora_vencimiento": "10:02:58",
        "creador": 25,
        "proyecto": 14
    }
},
{
    "model": "PracticaModelos1.etiqueta",
    "pk": 1,
    "fields": {
        "nombre": "Successful under state field anything. Foot team necessary something main from dark.\nTruth or very senior hit wonder much. Church yard city fast animal when.",
        "tarea": [
            1,
            5,
            8,
            21,
            22,
            23,
            27
        ]
    }
},
{
    "model": "PracticaModelos1.etiqueta",
    "pk": 2,
    "fields": {
        "nombre": "Reflect production believe. Market myself current citizen final address evening.\nOnce thought hand clearly. Check president season situation entire fight. Career same others significant. Left pull best once prevent.",
        "tarea": [
            22,
            23,
            29
        ]
    }
},
{
    "model": "PracticaModelos1.etiqueta",
    "pk": 3,
    "fields": {
        "nombre": "Figure necessary bed different nature argue. Open through cover will perform add simply.\nEnter cell including player statement by. Serve born daughter risk not him beyond.",
        "tarea": [
            2,
            10,
            12,
            13,
            15,
            27
        ]
    }
},
{
    "model": "PracticaModelos1.etiqueta",
    "pk": 4,
    "fields": {
        "nombre": "Painting put either be state. Risk usually property become line lawyer suffer.\nTop under some if black tell others. Case drug answer way.\nHere rather better avoid.",
        "tarea": [
            16,
            24
        ]
    }
},
{
    "model": "PracticaModelos1.etiqueta",
    "pk": 5,
    "fields": {
        "nombre": "Various brother also these center smile. Lot eye often rather deal. Buy often religious describe sing remain yes.\nEdge crime quality instead. Budget try decision put address suffer early. Movie owner political effort. Task management argue yard.",
        "tarea": [
            16
        ]
    }
},
{
    "model": "PracticaModelos1.etiqueta",
    "pk": 6,
    "fields": {
        "nombre": "Policy everything recognize building could development including sometimes. Voice production list body who. Specific network either pick finish power.\nAhead she just feeling health young once out. Lot discover green rise start network.",
        "tarea": [
            2,
            15
        ]
    }
},
{
    "model": "PracticaModelos1.etiqueta",
    "pk": 7,
    "fields": {
        "nombre": "Family tend owner baby yet wait. Such respond hour join body choose bank police.\nNature successful your suffer general. Expert blood official perform single company. If word data believe.",
        "tarea": [
            3,
            11,
            20,
            25,
            26
        ]
    }
},
{
    "model": "PracticaModelos1.etiqueta",
    "pk": 8,
    "fields": {
        "nombre": "Car rise there cup your wait seven. Pretty citizen successful relationship brother. Night analysis party take quality decide. Investment thank accept still your.",
        "tarea": [
            3,
            7,
            8,
            10,
            14,
            15,
            18
        ]
    }
},
{
    "model": "PracticaModelos1.etiqueta",
    "pk": 9,
    "fields": {
        "nombre": "Thing everything condition father seek third.\nScore finally century able. Themselves fish scene.\nSon along space. School building outside. Affect degree health create such.",
        "tarea": [
            1,
            8,
            16,
            19,
            20,
            23
        ]
    }
},
{
    "model": "PracticaModelos1.etiqueta",
    "pk": 10,
    "fields": {
        "nombre": "Process dog father good. Follow head pressure enjoy water east. Through page measure main apply more industry. Property its suddenly professor about market place.",
        "tarea": [
            12,
            14,
            16,
            26,
            27
        ]
    }
},
{
    "model": "PracticaModelos1.etiqueta",
    "pk": 11,
    "fields": {
        "nombre": "Half cover thus bring campaign interest sound. Several relate least only full among night. Husband within skill economy bank generation me.\nThrough she condition rest billion. Buy feel development protect act large knowledge.",
        "tarea": [
            10,
            12,
            15,
            24
        ]
    }
},
{
    "model": "PracticaModelos1.etiqueta",
    "pk": 12,
    "fields": {
        "nombre": "Economic number almost line. Activity bill anything nearly read.\nAgency growth current. Ability share up government single. Control theory religious there.\nWhole only beat similar. Question service such song thousand.",
        "tarea": [
            14,
            23,
            26
        ]
    }
},
{
    "model": "PracticaModelos1.etiqueta",
    "pk": 13,
    "fields": {
        "nombre": "Ok plan million choose. Nearly of single often whose.\nCall office claim state. Player decade involve relate.\nAbility huge culture owner. Public agree activity produce.\nFilm law watch various deep family. Daughter capital experience three themselves see.",
        "tarea": [
            28
        ]
    }
},
{
    "model": "PracticaModelos1.etiqueta",
    "pk": 14,
    "fields": {
        "nombre": "Law fund scene treat catch performance capital important. Risk point middle worker suggest year. Officer impact everyone collection become store.\nMilitary resource house manage attorney central. Account nearly imagine always early citizen sort.",
        "tarea": [
            8
        ]
    }
},
{
    "model": "PracticaModelos1.etiqueta",
    "pk": 15,
    "fields": {
        "nombre": "Big medical recent look individual. Interesting page myself bill environmental when task. Activity more several moment many return event show.",
        "tarea": [
            1,
            4,
            6,
            9,
            25,
            26,
            30
        ]
    }
},
{
    "model": "PracticaModelos1.etiqueta",
    "pk": 16,
    "fields": {
        "nombre": "Administration source however nice much everything case. Local administration ground shoulder from.\nChoice strong range should mention. Back instead impact moment. Full attention production window number be policy.",
        "tarea": [
            5,
            8,
            16,
            18,
            22,
            23
        ]
    }
},
{
    "model": "PracticaModelos1.etiqueta",
    "pk": 17,
    "fields": {
        "nombre": "Win beautiful senior tough black look dinner. American determine young security. Spring sister live.\nLeave by glass paper. Center religious free. Especially laugh road civil price official enjoy enter.",
        "tarea": [
            18,
            19
        ]
    }
},
{
    "model": "PracticaModelos1.etiqueta",
    "pk": 18,
    "fields": {
        "nombre": "Pretty yeah professional personal about. Live most set see including there. Region respond study her.\nColor theory up consumer hard eye. Wide environmental maintain friend director travel describe. Enjoy affect when return.",
        "tarea": [
            16,
            21
        ]
    }
},
{
    "model": "PracticaModelos1.etiqueta",
    "pk": 19,
    "fields": {
        "nombre": "Something treat success brother effect take realize. Positive relate nation onto instead hundred blue. Wear Democrat employee wait any almost particular next.",
        "tarea": [
            5,
            10,
            16,
            21
        ]
    }
},
{
    "model": "PracticaModelos1.etiqueta",
    "pk": 20,
    "fields": {
        "nombre": "You word record. While process sport back. Report forget family treatment.\nComputer new view them only group. Put manager impact cultural. Family newspaper operation listen buy traditional west.",
        "tarea": [
            1,
            12,
            13,
            14,
            20
        ]
    }
},
{
    "model": "PracticaModelos1.etiqueta",
    "pk": 21,
    "fields": {
        "nombre": "Level statement feeling even. Budget street suggest mouth number. Unit leave maintain catch. Upon property important during care main foot tax.\nHeart per soldier. Tough scientist professor build upon.",
        "tarea": [
            8,
            21,
            24,
            26,
            30
        ]
    }
},
{
    "model": "PracticaModelos1.etiqueta",
    "pk": 22,
    "fields": {
        "nombre": "Left dream market past international big this. Structure today raise hold agent.\nCertain beyond training mention speech computer trip husband. Look home while alone provide alone. Address husband serve green light address maintain.",
        "tarea": [
            1,
            2,
            21,
            23,
            27
        ]
    }
},
{
    "model": "PracticaModelos1.etiqueta",
    "pk": 23,
    "fields": {
        "nombre": "Table total outside perform. Into close majority.\nParent child office. Feel me born ability. Conference call treatment.\nMessage ground base ball accept suddenly. Clearly why something begin. Evening join mission single local.",
        "tarea": [
            4,
            13,
            16,
            18,
            23,
            26
        ]
    }
},
{
    "model": "PracticaModelos1.etiqueta",
    "pk": 24,
    "fields": {
        "nombre": "Measure give will.\nElection into this result activity item. Child fine boy crime any present job.\nAgain subject national outside also race. Also foot child idea. Stand sea new contain could far.",
        "tarea": [
            2,
            13,
            16,
            22,
            26
        ]
    }
},
{
    "model": "PracticaModelos1.etiqueta",
    "pk": 25,
    "fields": {
        "nombre": "History claim woman property. Former create force so age catch.\nThough service consumer social short effect. Prove building discuss task parent.\nNews among near seem.\nReality fall tell bank along road. Run into key administration wind eight.",
        "tarea": [
            14,
            20,
            24,
            30
        ]
    }
},
{
    "model": "PracticaModelos1.etiqueta",
    "pk": 26,
    "fields": {
        "nombre": "In be state we. Side maintain important radio. Direction value appear.\nConsumer serious challenge unit part. Choose full throw instead question.\nLong camera particularly only number significant. Better allow speak at effect number key dream.",
        "tarea": [
            4,
            6,
            16,
            22,
            25,
            26
        ]
    }
},
{
    "model": "PracticaModelos1.etiqueta",
    "pk": 27,
    "fields": {
        "nombre": "Note discuss generation draw public administration scene.\nWoman check agency strong impact. Star finish later safe guess. Amount hand kind.\nAge than beat hit break citizen sister.",
        "tarea": [
            12,
            13,
            15,
            17,
            20,
            28
        ]
    }
},
{
    "model": "PracticaModelos1.etiqueta",
    "pk": 28,
    "fields": {
        "nombre": "Building fight able cup stand house firm. Answer why buy. Shoulder join send whatever doctor. Relationship concern mouth east mind about.\nStill around within. Not enjoy citizen indeed entire cell. Sure manager drug.",
        "tarea": [
            2,
            4,
            14,
            19,
            22
        ]
    }
},
{
    "model": "PracticaModelos1.etiqueta",
    "pk": 29,
    "fields": {
        "nombre": "Better within energy song eye.\nThink give style new. Friend response role call truth hair market test. Age prevent add prove. Anything control piece history.\nThese company degree.",
        "tarea": [
            1,
            18,
            20
        ]
    }
},
{
    "model": "PracticaModelos1.etiqueta",
    "pk": 30,
    "fields": {
        "nombre": "First movement between these. Prove detail card answer reveal need those despite.\nSeem start plan join. Thus although high happy throughout month firm. When second tax source wall.",
        "tarea": [
            1
        ]
    }
},
{
    "model": "PracticaModelos1.asignaciondetarea",
    "pk": 1,
    "fields": {
        "usuario": 22,
        "tarea": 1,
        "observaciones": "",
        "fecha_asignacion": "2024-10-10T09:07:09.118Z"
    }
},
{
    "model": "PracticaModelos1.asignaciondetarea",
    "pk": 2,
    "fields": {
        "usuario": 2,
        "tarea": 2,
        "observaciones": "",
        "fecha_asignacion": "2024-10-10T09:07:09.124Z"
    }
},
{
    "model": "PracticaModelos1.asignaciondetarea",
    "pk": 3,
    "fields": {
        "usuario": 27,
        "tarea": 2,
        "observaciones": "",
        "fecha_asignacion": "2024-10-10T09:07:09.125Z"
    }
},
{
    "model": "PracticaModelos1.asignaciondetarea",
    "pk": 4,
    "fields": {
        "usuario": 22,
        "tarea": 2,
        "observaciones": "",
        "fecha_asignacion": "2024-10-10T09:07:09.125Z"
    }
},
{
    "model": "PracticaModelos1.asignaciondetarea",
    "pk": 5,
    "fields": {
        "usuario": 26,
        "tarea": 2,
        "observaciones": "",
        "fecha_asignacion": "2024-10-10T09:07:09.126Z"
    }
},
{
    "model": "PracticaModelos1.asignaciondetarea",
    "pk": 6,
    "fields": {
        "usuario": 13,
        "tarea": 3,
        "observaciones": "",
        "fecha_asignacion": "2024-10-10T09:07:09.131Z"
    }
},
{
    "model": "PracticaModelos1.asignaciondetarea",
    "pk": 7,
    "fields": {
        "usuario": 11,
        "tarea": 4,
        "observaciones": "",
        "fecha_asignacion": "2024-10-10T09:07:09.137Z"
    }
},
{
    "model": "PracticaModelos1.asignaciondetarea",
    "pk": 8,
    "fields": {
        "usuario": 13,
        "tarea": 4,
        "observaciones": "",
        "fecha_asignacion": "2024-10-10T09:07:09.137Z"
    }
},
{
    "model": "PracticaModelos1.asignaciondetarea",
    "pk": 9,
    "fields": {
        "usuario": 1,
        "tarea": 4,
        "observaciones": "",
        "fecha_asignacion": "2024-10-10T09:07:09.138Z"
    }
},
{
    "model": "PracticaModelos1.asignaciondetarea",
    "pk": 10,
    "fields": {
        "usuario": 4,
        "tarea": 4,
        "observaciones": "",
        "fecha_asignacion": "2024-10-10T09:07:09.139Z"
    }
},
{
    "model": "PracticaModelos1.asignaciondetarea",
    "pk": 11,
    "fields": {
        "usuario": 3,
        "tarea": 4,
        "observaciones": "",
        "fecha_asignacion": "2024-10-10T09:07:09.139Z"
    }
},
{
    "model": "PracticaModelos1.asignaciondetarea",
    "pk": 12,
    "fields": {
        "usuario": 15,
        "tarea": 4,
        "observaciones": "",
        "fecha_asignacion": "2024-10-10T09:07:09.140Z"
    }
},
{
    "model": "PracticaModelos1.asignaciondetarea",
    "pk": 13,
    "fields": {
        "usuario": 9,
        "tarea": 5,
        "observaciones": "",
        "fecha_asignacion": "2024-10-10T09:07:09.145Z"
    }
},
{
    "model": "PracticaModelos1.asignaciondetarea",
    "pk": 14,
    "fields": {
        "usuario": 28,
        "tarea": 5,
        "observaciones": "",
        "fecha_asignacion": "2024-10-10T09:07:09.146Z"
    }
},
{
    "model": "PracticaModelos1.asignaciondetarea",
    "pk": 15,
    "fields": {
        "usuario": 13,
        "tarea": 6,
        "observaciones": "",
        "fecha_asignacion": "2024-10-10T09:07:09.151Z"
    }
},
{
    "model": "PracticaModelos1.asignaciondetarea",
    "pk": 16,
    "fields": {
        "usuario": 14,
        "tarea": 6,
        "observaciones": "",
        "fecha_asignacion": "2024-10-10T09:07:09.152Z"
    }
},
{
    "model": "PracticaModelos1.asignaciondetarea",
    "pk": 17,
    "fields": {
        "usuario": 11,
        "tarea": 6,
        "observaciones": "",
        "fecha_asignacion": "2024-10-10T09:07:09.153Z"
    }
},
{
    "model": "PracticaModelos1.asignaciondetarea",
    "pk": 18,
    "fields": {
        "usuario": 4,
        "tarea": 6,
        "observaciones": "",
        "fecha_asignacion": "2024-10-10T09:07:09.153Z"
    }
},
{
    "model": "PracticaModelos1.asignaciondetarea",
    "pk": 19,
    "fields": {
        "usuario": 19,
        "tarea": 7,
        "observaciones": "",
        "fecha_asignacion": "2024-10-10T09:07:09.158Z"
    }
},
{
    "model": "PracticaModelos1.asignaciondetarea",
    "pk": 20,
    "fields": {
        "usuario": 9,
        "tarea": 7,
        "observaciones": "",
        "fecha_asignacion": "2024-10-10T09:07:09.159Z"
    }
},
{
    "model": "PracticaModelos1.asignaciondetarea",
    "pk": 21,
    "fields": {
        "usuario": 28,
        "tarea": 7,
        "observaciones": "",
        "fecha_asignacion": "2024-10-10T09:07:09.160Z"
    }
},
{
    "model": "PracticaModelos1.asignaciondetarea",
    "pk": 22,
    "fields": {
        "usuario": 6,
        "tarea": 8,
        "observaciones": "",
        "fecha_asignacion": "2024-10-10T09:07:09.164Z"
    }
},
{
    "model": "PracticaModelos1.asignaciondetarea",
    "pk": 23,
    "fields": {
        "usuario": 28,
        "tarea": 9,
        "observaciones": "",
        "fecha_asignacion": "2024-10-10T09:07:09.170Z"
    }
},
{
    "model": "PracticaModelos1.asignaciondetarea",
    "pk": 24,
    "fields": {
        "usuario": 4,
        "tarea": 9,
        "observaciones": "",
        "fecha_asignacion": "2024-10-10T09:07:09.171Z"
    }
},
{
    "model": "PracticaModelos1.asignaciondetarea",
    "pk": 25,
    "fields": {
        "usuario": 17,
        "tarea": 9,
        "observaciones": "",
        "fecha_asignacion": "2024-10-10T09:07:09.172Z"
    }
},
{
    "model": "PracticaModelos1.asignaciondetarea",
    "pk": 26,
    "fields": {
        "usuario": 12,
        "tarea": 9,
        "observaciones": "",
        "fecha_asignacion": "2024-10-10T09:07:09.173Z"
    }
},
{
    "model": "PracticaModelos1.asignaciondetarea",
    "pk": 27,
    "fields": {
        "usuario": 13,
        "tarea": 9,
        "observaciones": "",
        "fecha_asignacion": "2024-10-10T09:07:09.174Z"
    }
},
{
    "model": "PracticaModelos1.asignaciondetarea",
    "pk": 28,
    "fields": {
        "usuario": 18,
        "tarea": 9,
        "observaciones": "",
        "fecha_asignacion": "2024-10-10T09:07:09.174Z"
    }
},
{
    "model": "PracticaModelos1.asignaciondetarea",
    "pk": 29,
    "fields": {
        "usuario": 5,
        "tarea": 10,
        "observaciones": "",
        "fecha_asignacion": "2024-10-10T09:07:09.186Z"
    }
},
{
    "model": "PracticaModelos1.asignaciondetarea",
    "pk": 30,
    "fields": {
        "usuario": 21,
        "tarea": 10,
        "observaciones": "",
        "fecha_asignacion": "2024-10-10T09:07:09.188Z"
    }
},
{
    "model": "PracticaModelos1.asignaciondetarea",
    "pk": 31,
    "fields": {
        "usuario": 27,
        "tarea": 10,
        "observaciones": "",
        "fecha_asignacion": "2024-10-10T09:07:09.189Z"
    }
},
{
    "model": "PracticaModelos1.asignaciondetarea",
    "pk": 32,
    "fields": {
        "usuario": 10,
        "tarea": 10,
        "observaciones": "",
        "fecha_asignacion": "2024-10-10T09:07:09.191Z"
    }
},
{
    "model": "PracticaModelos1.asignaciondetarea",
    "pk": 33,
    "fields": {
        "usuario": 13,
        "tarea": 10,
        "observaciones": "",
        "fecha_asignacion": "2024-10-10T09:07:09.192Z"
    }
},
{
    "model": "PracticaModelos1.asignaciondetarea",
    "pk": 34,
    "fields": {
        "usuario": 12,
        "tarea": 11,
        "observaciones": "",
        "fecha_asignacion": "2024-10-10T09:07:09.201Z"
    }
},
{
    "model": "PracticaModelos1.asignaciondetarea",
    "pk": 35,
    "fields": {
        "usuario": 10,
        "tarea": 11,
        "observaciones": "",
        "fecha_asignacion": "2024-10-10T09:07:09.202Z"
    }
},
{
    "model": "PracticaModelos1.asignaciondetarea",
    "pk": 36,
    "fields": {
        "usuario": 23,
        "tarea": 11,
        "observaciones": "",
        "fecha_asignacion": "2024-10-10T09:07:09.203Z"
    }
},
{
    "model": "PracticaModelos1.asignaciondetarea",
    "pk": 37,
    "fields": {
        "usuario": 4,
        "tarea": 12,
        "observaciones": "",
        "fecha_asignacion": "2024-10-10T09:07:09.211Z"
    }
},
{
    "model": "PracticaModelos1.asignaciondetarea",
    "pk": 38,
    "fields": {
        "usuario": 18,
        "tarea": 12,
        "observaciones": "",
        "fecha_asignacion": "2024-10-10T09:07:09.212Z"
    }
},
{
    "model": "PracticaModelos1.asignaciondetarea",
    "pk": 39,
    "fields": {
        "usuario": 9,
        "tarea": 12,
        "observaciones": "",
        "fecha_asignacion": "2024-10-10T09:07:09.213Z"
    }
},
{
    "model": "PracticaModelos1.asignaciondetarea",
    "pk": 40,
    "fields": {
        "usuario": 26,
        "tarea": 12,
        "observaciones": "",
        "fecha_asignacion": "2024-10-10T09:07:09.214Z"
    }
},
{
    "model": "PracticaModelos1.asignaciondetarea",
    "pk": 41,
    "fields": {
        "usuario": 7,
        "tarea": 12,
        "observaciones": "",
        "fecha_asignacion": "2024-10-10T09:07:09.215Z"
    }
},
{
    "model": "PracticaModelos1.asignaciondetarea",
    "pk": 42,
    "fields": {
        "usuario": 7,
        "tarea": 13,
        "observaciones": "",
        "fecha_asignacion": "2024-10-10T09:07:09.221Z"
    }
},
{
    "model": "PracticaModelos1.asignaciondetarea",
    "pk": 43,
    "fields": {
        "usuario": 20,
        "tarea": 13,
        "observaciones": "",
        "fecha_asignacion": "2024-10-10T09:07:09.222Z"
    }
},
{
    "model": "PracticaModelos1.asignaciondetarea",
    "pk": 44,
    "fields": {
        "usuario": 15,
        "tarea": 13,
        "observaciones": "",
        "fecha_asignacion": "2024-10-10T09:07:09.223Z"
    }
},
{
    "model": "PracticaModelos1.asignaciondetarea",
    "pk": 45,
    "fields": {
        "usuario": 22,
        "tarea": 13,
        "observaciones": "",
        "fecha_asignacion": "2024-10-10T09:07:09.223Z"
    }
},
{
    "model": "PracticaModelos1.asignaciondetarea",
    "pk": 46,
    "fields": {
        "usuario": 23,
        "tarea": 14,
        "observaciones": "",
        "fecha_asignacion": "2024-10-10T09:07:09.228Z"
    }
},
{
    "model": "PracticaModelos1.asignaciondetarea",
    "pk": 47,
    "fields": {
        "usuario": 28,
        "tarea": 15,
        "observaciones": "",
        "fecha_asignacion": "2024-10-10T09:07:09.232Z"
    }
},
{
    "model": "PracticaModelos1.asignaciondetarea",
    "pk": 48,
    "fields": {
        "usuario": 13,
        "tarea": 16,
        "observaciones": "",
        "fecha_asignacion": "2024-10-10T09:07:09.238Z"
    }
},
{
    "model": "PracticaModelos1.asignaciondetarea",
    "pk": 49,
    "fields": {
        "usuario": 21,
        "tarea": 16,
        "observaciones": "",
        "fecha_asignacion": "2024-10-10T09:07:09.239Z"
    }
},
{
    "model": "PracticaModelos1.asignaciondetarea",
    "pk": 50,
    "fields": {
        "usuario": 15,
        "tarea": 16,
        "observaciones": "",
        "fecha_asignacion": "2024-10-10T09:07:09.240Z"
    }
},
{
    "model": "PracticaModelos1.asignaciondetarea",
    "pk": 51,
    "fields": {
        "usuario": 8,
        "tarea": 16,
        "observaciones": "",
        "fecha_asignacion": "2024-10-10T09:07:09.241Z"
    }
},
{
    "model": "PracticaModelos1.asignaciondetarea",
    "pk": 52,
    "fields": {
        "usuario": 23,
        "tarea": 16,
        "observaciones": "",
        "fecha_asignacion": "2024-10-10T09:07:09.242Z"
    }
},
{
    "model": "PracticaModelos1.asignaciondetarea",
    "pk": 53,
    "fields": {
        "usuario": 12,
        "tarea": 17,
        "observaciones": "",
        "fecha_asignacion": "2024-10-10T09:07:09.246Z"
    }
},
{
    "model": "PracticaModelos1.asignaciondetarea",
    "pk": 54,
    "fields": {
        "usuario": 8,
        "tarea": 18,
        "observaciones": "",
        "fecha_asignacion": "2024-10-10T09:07:09.250Z"
    }
},
{
    "model": "PracticaModelos1.asignaciondetarea",
    "pk": 55,
    "fields": {
        "usuario": 20,
        "tarea": 18,
        "observaciones": "",
        "fecha_asignacion": "2024-10-10T09:07:09.251Z"
    }
},
{
    "model": "PracticaModelos1.asignaciondetarea",
    "pk": 56,
    "fields": {
        "usuario": 10,
        "tarea": 19,
        "observaciones": "",
        "fecha_asignacion": "2024-10-10T09:07:09.260Z"
    }
},
{
    "model": "PracticaModelos1.asignaciondetarea",
    "pk": 57,
    "fields": {
        "usuario": 29,
        "tarea": 19,
        "observaciones": "",
        "fecha_asignacion": "2024-10-10T09:07:09.261Z"
    }
},
{
    "model": "PracticaModelos1.asignaciondetarea",
    "pk": 58,
    "fields": {
        "usuario": 4,
        "tarea": 19,
        "observaciones": "",
        "fecha_asignacion": "2024-10-10T09:07:09.263Z"
    }
},
{
    "model": "PracticaModelos1.asignaciondetarea",
    "pk": 59,
    "fields": {
        "usuario": 6,
        "tarea": 19,
        "observaciones": "",
        "fecha_asignacion": "2024-10-10T09:07:09.265Z"
    }
},
{
    "model": "PracticaModelos1.asignaciondetarea",
    "pk": 60,
    "fields": {
        "usuario": 19,
        "tarea": 20,
        "observaciones": "",
        "fecha_asignacion": "2024-10-10T09:07:09.277Z"
    }
},
{
    "model": "PracticaModelos1.asignaciondetarea",
    "pk": 61,
    "fields": {
        "usuario": 14,
        "tarea": 21,
        "observaciones": "",
        "fecha_asignacion": "2024-10-10T09:07:09.286Z"
    }
},
{
    "model": "PracticaModelos1.asignaciondetarea",
    "pk": 62,
    "fields": {
        "usuario": 26,
        "tarea": 21,
        "observaciones": "",
        "fecha_asignacion": "2024-10-10T09:07:09.287Z"
    }
},
{
    "model": "PracticaModelos1.asignaciondetarea",
    "pk": 63,
    "fields": {
        "usuario": 16,
        "tarea": 21,
        "observaciones": "",
        "fecha_asignacion": "2024-10-10T09:07:09.290Z"
    }
},
{
    "model": "PracticaModelos1.asignaciondetarea",
    "pk": 64,
    "fields": {
        "usuario": 9,
        "tarea": 21,
        "observaciones": "",
        "fecha_asignacion": "2024-10-10T09:07:09.291Z"
    }
},
{
    "model": "PracticaModelos1.asignaciondetarea",
    "pk": 65,
    "fields": {
        "usuario": 24,
        "tarea": 21,
        "observaciones": "",
        "fecha_asignacion": "2024-10-10T09:07:09.292Z"
    }
},
{
    "model": "PracticaModelos1.asignaciondetarea",
    "pk": 66,
    "fields": {
        "usuario": 13,
        "tarea": 22,
        "observaciones": "",
        "fecha_asignacion": "2024-10-10T09:07:09.298Z"
    }
},
{
    "model": "PracticaModelos1.asignaciondetarea",
    "pk": 67,
    "fields": {
        "usuario": 16,
        "tarea": 22,
        "observaciones": "",
        "fecha_asignacion": "2024-10-10T09:07:09.299Z"
    }
},
{
    "model": "PracticaModelos1.asignaciondetarea",
    "pk": 68,
    "fields": {
        "usuario": 10,
        "tarea": 23,
        "observaciones": "",
        "fecha_asignacion": "2024-10-10T09:07:09.304Z"
    }
},
{
    "model": "PracticaModelos1.asignaciondetarea",
    "pk": 69,
    "fields": {
        "usuario": 5,
        "tarea": 23,
        "observaciones": "",
        "fecha_asignacion": "2024-10-10T09:07:09.305Z"
    }
},
{
    "model": "PracticaModelos1.asignaciondetarea",
    "pk": 70,
    "fields": {
        "usuario": 28,
        "tarea": 23,
        "observaciones": "",
        "fecha_asignacion": "2024-10-10T09:07:09.306Z"
    }
},
{
    "model": "PracticaModelos1.asignaciondetarea",
    "pk": 71,
    "fields": {
        "usuario": 21,
        "tarea": 23,
        "observaciones": "",
        "fecha_asignacion": "2024-10-10T09:07:09.307Z"
    }
},
{
    "model": "PracticaModelos1.asignaciondetarea",
    "pk": 72,
    "fields": {
        "usuario": 6,
        "tarea": 23,
        "observaciones": "",
        "fecha_asignacion": "2024-10-10T09:07:09.307Z"
    }
},
{
    "model": "PracticaModelos1.asignaciondetarea",
    "pk": 73,
    "fields": {
        "usuario": 29,
        "tarea": 24,
        "observaciones": "",
        "fecha_asignacion": "2024-10-10T09:07:09.313Z"
    }
},
{
    "model": "PracticaModelos1.asignaciondetarea",
    "pk": 74,
    "fields": {
        "usuario": 25,
        "tarea": 24,
        "observaciones": "",
        "fecha_asignacion": "2024-10-10T09:07:09.313Z"
    }
},
{
    "model": "PracticaModelos1.asignaciondetarea",
    "pk": 75,
    "fields": {
        "usuario": 9,
        "tarea": 24,
        "observaciones": "",
        "fecha_asignacion": "2024-10-10T09:07:09.314Z"
    }
},
{
    "model": "PracticaModelos1.asignaciondetarea",
    "pk": 76,
    "fields": {
        "usuario": 5,
        "tarea": 25,
        "observaciones": "",
        "fecha_asignacion": "2024-10-10T09:07:09.319Z"
    }
},
{
    "model": "PracticaModelos1.asignaciondetarea",
    "pk": 77,
    "fields": {
        "usuario": 28,
        "tarea": 25,
        "observaciones": "",
        "fecha_asignacion": "2024-10-10T09:07:09.320Z"
    }
},
{
    "model": "PracticaModelos1.asignaciondetarea",
    "pk": 78,
    "fields": {
        "usuario": 10,
        "tarea": 25,
        "observaciones": "",
        "fecha_asignacion": "2024-10-10T09:07:09.321Z"
    }
},
{
    "model": "PracticaModelos1.asignaciondetarea",
    "pk": 79,
    "fields": {
        "usuario": 26,
        "tarea": 26,
        "observaciones": "",
        "fecha_asignacion": "2024-10-10T09:07:09.326Z"
    }
},
{
    "model": "PracticaModelos1.asignaciondetarea",
    "pk": 80,
    "fields": {
        "usuario": 14,
        "tarea": 26,
        "observaciones": "",
        "fecha_asignacion": "2024-10-10T09:07:09.327Z"
    }
},
{
    "model": "PracticaModelos1.asignaciondetarea",
    "pk": 81,
    "fields": {
        "usuario": 17,
        "tarea": 26,
        "observaciones": "",
        "fecha_asignacion": "2024-10-10T09:07:09.328Z"
    }
},
{
    "model": "PracticaModelos1.asignaciondetarea",
    "pk": 82,
    "fields": {
        "usuario": 30,
        "tarea": 26,
        "observaciones": "",
        "fecha_asignacion": "2024-10-10T09:07:09.329Z"
    }
},
{
    "model": "PracticaModelos1.asignaciondetarea",
    "pk": 83,
    "fields": {
        "usuario": 17,
        "tarea": 27,
        "observaciones": "",
        "fecha_asignacion": "2024-10-10T09:07:09.334Z"
    }
},
{
    "model": "PracticaModelos1.asignaciondetarea",
    "pk": 84,
    "fields": {
        "usuario": 13,
        "tarea": 27,
        "observaciones": "",
        "fecha_asignacion": "2024-10-10T09:07:09.334Z"
    }
},
{
    "model": "PracticaModelos1.asignaciondetarea",
    "pk": 85,
    "fields": {
        "usuario": 25,
        "tarea": 27,
        "observaciones": "",
        "fecha_asignacion": "2024-10-10T09:07:09.335Z"
    }
},
{
    "model": "PracticaModelos1.asignaciondetarea",
    "pk": 86,
    "fields": {
        "usuario": 9,
        "tarea": 27,
        "observaciones": "",
        "fecha_asignacion": "2024-10-10T09:07:09.336Z"
    }
},
{
    "model": "PracticaModelos1.asignaciondetarea",
    "pk": 87,
    "fields": {
        "usuario": 28,
        "tarea": 28,
        "observaciones": "",
        "fecha_asignacion": "2024-10-10T09:07:09.341Z"
    }
},
{
    "model": "PracticaModelos1.asignaciondetarea",
    "pk": 88,
    "fields": {
        "usuario": 14,
        "tarea": 28,
        "observaciones": "",
        "fecha_asignacion": "2024-10-10T09:07:09.342Z"
    }
},
{
    "model": "PracticaModelos1.asignaciondetarea",
    "pk": 89,
    "fields": {
        "usuario": 8,
        "tarea": 28,
        "observaciones": "",
        "fecha_asignacion": "2024-10-10T09:07:09.343Z"
    }
},
{
    "model": "PracticaModelos1.asignaciondetarea",
    "pk": 90,
    "fields": {
        "usuario": 29,
        "tarea": 28,
        "observaciones": "",
        "fecha_asignacion": "2024-10-10T09:07:09.343Z"
    }
},
{
    "model": "PracticaModelos1.asignaciondetarea",
    "pk": 91,
    "fields": {
        "usuario": 8,
        "tarea": 29,
        "observaciones": "",
        "fecha_asignacion": "2024-10-10T09:07:09.348Z"
    }
},
{
    "model": "PracticaModelos1.asignaciondetarea",
    "pk": 92,
    "fields": {
        "usuario": 19,
        "tarea": 29,
        "observaciones": "",
        "fecha_asignacion": "2024-10-10T09:07:09.349Z"
    }
},
{
    "model": "PracticaModelos1.asignaciondetarea",
    "pk": 93,
    "fields": {
        "usuario": 25,
        "tarea": 30,
        "observaciones": "",
        "fecha_asignacion": "2024-10-10T09:07:09.354Z"
    }
},
{
    "model": "PracticaModelos1.asignaciondetarea",
    "pk": 94,
    "fields": {
        "usuario": 23,
        "tarea": 30,
        "observaciones": "",
        "fecha_asignacion": "2024-10-10T09:07:09.354Z"
    }
},
{
    "model": "PracticaModelos1.asignaciondetarea",
    "pk": 95,
    "fields": {
        "usuario": 13,
        "tarea": 30,
        "observaciones": "",
        "fecha_asignacion": "2024-10-10T09:07:09.355Z"
    }
},
{
    "model": "PracticaModelos1.asignaciondetarea",
    "pk": 96,
    "fields": {
        "usuario": 29,
        "tarea": 30,
        "observaciones": "",
        "fecha_asignacion": "2024-10-10T09:07:09.356Z"
    }
},
{
    "model": "PracticaModelos1.asignaciondetarea",
    "pk": 97,
    "fields": {
        "usuario": 1,
        "tarea": 4,
        "observaciones": "Clearly collection television capital agree. Bit skill return sister change cell. So message against pull.",
        "fecha_asignacion": "2024-10-10T09:07:08.895Z"
    }
},
{
    "model": "PracticaModelos1.asignaciondetarea",
    "pk": 98,
    "fields": {
        "usuario": 5,
        "tarea": 8,
        "observaciones": "Remember within speech son. Who almost everything phone top already. Hear hear teacher soon clearly pull sort specific.\nAmount song popular help in white rate. Respond war development.",
        "fecha_asignacion": "2024-10-10T09:07:08.895Z"
    }
},
{
    "model": "PracticaModelos1.asignaciondetarea",
    "pk": 99,
    "fields": {
        "usuario": 2,
        "tarea": 7,
        "observaciones": "Discuss room economic popular again laugh. Adult leave face sort sing material onto. Organization station fly from laugh federal.\nGo get big. Art meet note just approach go relate game.",
        "fecha_asignacion": "2024-10-10T09:07:08.895Z"
    }
},
{
    "model": "PracticaModelos1.asignaciondetarea",
    "pk": 100,
    "fields": {
        "usuario": 1,
        "tarea": 4,
        "observaciones": "Feel often dinner once bag help. Help watch environmental real security. Gun site nice stand rate property.",
        "fecha_asignacion": "2024-10-10T09:07:08.895Z"
    }
},
{
    "model": "PracticaModelos1.asignaciondetarea",
    "pk": 101,
    "fields": {
        "usuario": 2,
        "tarea": 23,
        "observaciones": "Seem major town cost hair second gun tree. Where however lose director pattern from training. Campaign arm program technology book capital.\nTurn inside sit low order floor.",
        "fecha_asignacion": "2024-10-10T09:07:08.895Z"
    }
},
{
    "model": "PracticaModelos1.asignaciondetarea",
    "pk": 102,
    "fields": {
        "usuario": 21,
        "tarea": 15,
        "observaciones": "Agree recently nearly ok event effect. Only serious any build where news special. Town total friend eat free night.\nProvide own check could culture mission.",
        "fecha_asignacion": "2024-10-10T09:07:08.895Z"
    }
},
{
    "model": "PracticaModelos1.asignaciondetarea",
    "pk": 103,
    "fields": {
        "usuario": 12,
        "tarea": 3,
        "observaciones": "Table land spend alone. Ask night operation soon.\nNew look ago community bill. Fact development sometimes. Enjoy doctor power eat prove.",
        "fecha_asignacion": "2024-10-10T09:07:08.895Z"
    }
},
{
    "model": "PracticaModelos1.asignaciondetarea",
    "pk": 104,
    "fields": {
        "usuario": 13,
        "tarea": 11,
        "observaciones": "Culture and explain well. Someone fund allow when. Hour speech cut represent.\nValue sure expert throughout chair. Play by present perform. Social when eye hope newspaper view.",
        "fecha_asignacion": "2024-10-10T09:07:08.895Z"
    }
},
{
    "model": "PracticaModelos1.asignaciondetarea",
    "pk": 105,
    "fields": {
        "usuario": 28,
        "tarea": 28,
        "observaciones": "Serious easy leave allow live still apply. Decision small important style customer onto assume.\nWrite of teacher hear change cold perhaps compare. Gas exist develop democratic fill.",
        "fecha_asignacion": "2024-10-10T09:07:08.895Z"
    }
},
{
    "model": "PracticaModelos1.asignaciondetarea",
    "pk": 106,
    "fields": {
        "usuario": 11,
        "tarea": 15,
        "observaciones": "Teacher increase dog individual degree assume move. Ahead book draw along. Voice guy husband. Clear no stock stuff type specific.",
        "fecha_asignacion": "2024-10-10T09:07:08.895Z"
    }
},
{
    "model": "PracticaModelos1.asignaciondetarea",
    "pk": 107,
    "fields": {
        "usuario": 9,
        "tarea": 24,
        "observaciones": "On success score compare including. Throw wish just brother month modern.\nMaintain statement red water. Dinner apply room cause else. Artist according forward. Hour raise hot.",
        "fecha_asignacion": "2024-10-10T09:07:08.895Z"
    }
},
{
    "model": "PracticaModelos1.asignaciondetarea",
    "pk": 108,
    "fields": {
        "usuario": 27,
        "tarea": 17,
        "observaciones": "Republican first this mind book alone.\nImpact little spend investment travel. Clear military read. Part garden part end per.\nStore generation catch one former. Evening newspaper use cup strategy.",
        "fecha_asignacion": "2024-10-10T09:07:08.895Z"
    }
},
{
    "model": "PracticaModelos1.asignaciondetarea",
    "pk": 109,
    "fields": {
        "usuario": 16,
        "tarea": 9,
        "observaciones": "Heart away class reality apply. Financial would other. Table model power good against attack.\nAlone onto happy TV early.",
        "fecha_asignacion": "2024-10-10T09:07:08.895Z"
    }
},
{
    "model": "PracticaModelos1.asignaciondetarea",
    "pk": 110,
    "fields": {
        "usuario": 18,
        "tarea": 11,
        "observaciones": "Drop mission popular author. Rather manager notice song heart instead. Produce whole more certain myself.",
        "fecha_asignacion": "2024-10-10T09:07:08.895Z"
    }
},
{
    "model": "PracticaModelos1.asignaciondetarea",
    "pk": 111,
    "fields": {
        "usuario": 18,
        "tarea": 4,
        "observaciones": "Gas because seem beyond popular. Not blue probably doctor. Clear ability pay never material no film nature.\nQuestion where each.\nFill along technology scene. Many meet four development.",
        "fecha_asignacion": "2024-10-10T09:07:08.895Z"
    }
},
{
    "model": "PracticaModelos1.asignaciondetarea",
    "pk": 112,
    "fields": {
        "usuario": 29,
        "tarea": 25,
        "observaciones": "Statement address follow hotel knowledge painting. Never few will price. Thank research strategy base station.",
        "fecha_asignacion": "2024-10-10T09:07:08.895Z"
    }
},
{
    "model": "PracticaModelos1.asignaciondetarea",
    "pk": 113,
    "fields": {
        "usuario": 18,
        "tarea": 6,
        "observaciones": "Research their charge. Question protect myself south. Door stop write ten really first size seven.\nPresent cost program before product room north. Part reach decade break.",
        "fecha_asignacion": "2024-10-10T09:07:08.895Z"
    }
},
{
    "model": "PracticaModelos1.asignaciondetarea",
    "pk": 114,
    "fields": {
        "usuario": 5,
        "tarea": 25,
        "observaciones": "Note about ten benefit tell. Participant write thus month indeed future. Campaign agree Mrs third.\nEverything customer yet region free run. Meet act agreement once agree either court.",
        "fecha_asignacion": "2024-10-10T09:07:08.895Z"
    }
},
{
    "model": "PracticaModelos1.asignaciondetarea",
    "pk": 115,
    "fields": {
        "usuario": 27,
        "tarea": 5,
        "observaciones": "Shoulder local it bit near begin star seven.\nLay anyone yourself pick movie deep community one. Capital budget walk father during help key single.",
        "fecha_asignacion": "2024-10-10T09:07:08.895Z"
    }
},
{
    "model": "PracticaModelos1.asignaciondetarea",
    "pk": 116,
    "fields": {
        "usuario": 2,
        "tarea": 12,
        "observaciones": "Word relationship story region. Trade quickly glass relationship former.\nTv to director provide never news form. Toward well reveal increase task hope.\nTruth board half floor. Close spring may.",
        "fecha_asignacion": "2024-10-10T09:07:08.895Z"
    }
},
{
    "model": "PracticaModelos1.asignaciondetarea",
    "pk": 117,
    "fields": {
        "usuario": 14,
        "tarea": 15,
        "observaciones": "Serious fill maybe knowledge happen identify. Put suddenly left campaign note.\nSon degree thousand our whatever talk. Million yard old population bad.\nLaugh back half. Security popular the education.",
        "fecha_asignacion": "2024-10-10T09:07:08.895Z"
    }
},
{
    "model": "PracticaModelos1.asignaciondetarea",
    "pk": 118,
    "fields": {
        "usuario": 4,
        "tarea": 21,
        "observaciones": "Prepare child enjoy. Gun head television majority onto must another.\nIdea bad official baby process. Usually despite hold account. Laugh today let clear stand thus.",
        "fecha_asignacion": "2024-10-10T09:07:08.895Z"
    }
},
{
    "model": "PracticaModelos1.asignaciondetarea",
    "pk": 119,
    "fields": {
        "usuario": 13,
        "tarea": 12,
        "observaciones": "After attention same choice item officer occur cultural. Age discuss already put part born. Most picture under seven. National himself pay else article.",
        "fecha_asignacion": "2024-10-10T09:07:08.895Z"
    }
},
{
    "model": "PracticaModelos1.asignaciondetarea",
    "pk": 120,
    "fields": {
        "usuario": 13,
        "tarea": 1,
        "observaciones": "Risk feeling animal imagine. Main help behind price. Size would employee back town authority.",
        "fecha_asignacion": "2024-10-10T09:07:08.895Z"
    }
},
{
    "model": "PracticaModelos1.asignaciondetarea",
    "pk": 121,
    "fields": {
        "usuario": 7,
        "tarea": 10,
        "observaciones": "But where eye attorney science very bar. For former nature lay exist side there.\nCost yeah require. Green whatever understand short.",
        "fecha_asignacion": "2024-10-10T09:07:08.895Z"
    }
},
{
    "model": "PracticaModelos1.asignaciondetarea",
    "pk": 122,
    "fields": {
        "usuario": 6,
        "tarea": 27,
        "observaciones": "If unit certain either trouble decide.\nAvoid wrong church modern. Often office resource. Director sure guess lose chance here morning happen.\nPerson out go face easy sit bar.",
        "fecha_asignacion": "2024-10-10T09:07:08.895Z"
    }
},
{
    "model": "PracticaModelos1.asignaciondetarea",
    "pk": 123,
    "fields": {
        "usuario": 21,
        "tarea": 27,
        "observaciones": "Lawyer best relate pull grow. Practice assume forget back.\nSeries unit particularly rate audience. Data draw like skin according operation feeling. Never traditional account positive.",
        "fecha_asignacion": "2024-10-10T09:07:08.895Z"
    }
},
{
    "model": "PracticaModelos1.asignaciondetarea",
    "pk": 124,
    "fields": {
        "usuario": 8,
        "tarea": 22,
        "observaciones": "Likely remain your. Inside high pattern break many important for a. Much tend staff imagine reduce else network probably.\nKitchen must ready least garden. Color pick miss factor art billion.",
        "fecha_asignacion": "2024-10-10T09:07:08.895Z"
    }
},
{
    "model": "PracticaModelos1.asignaciondetarea",
    "pk": 125,
    "fields": {
        "usuario": 28,
        "tarea": 18,
        "observaciones": "Care relationship oil go say. Difference individual explain identify. Reality break poor half.",
        "fecha_asignacion": "2024-10-10T09:07:08.895Z"
    }
},
{
    "model": "PracticaModelos1.asignaciondetarea",
    "pk": 126,
    "fields": {
        "usuario": 30,
        "tarea": 15,
        "observaciones": "Much section partner and area throw. Never control quite now blood human.\nWhatever front organization traditional challenge suggest type finally. Brother blood should Mr.",
        "fecha_asignacion": "2024-10-10T09:07:08.895Z"
    }
},
{
    "model": "PracticaModelos1.comentario",
    "pk": 1,
    "fields": {
        "contenido": "Body let party agree around science line. Power far describe quickly. Short Mr water bad hear.\nCongress trip health poor relationship national than. Before common save coach run remain.",
        "fecha_comentario": "2024-10-10T09:07:08.895Z",
        "autor": 27,
        "tarea": 15
    }
},
{
    "model": "PracticaModelos1.comentario",
    "pk": 2,
    "fields": {
        "contenido": "Any stage better expert grow into. Reflect result likely might necessary until use put.\nCourt occur build. College draw among name them worker better.",
        "fecha_comentario": "2024-10-10T09:07:08.895Z",
        "autor": 20,
        "tarea": 19
    }
},
{
    "model": "PracticaModelos1.comentario",
    "pk": 3,
    "fields": {
        "contenido": "Camera lot politics at blue special. Campaign successful memory read throughout foreign environment ability. Trip get point may to science middle.",
        "fecha_comentario": "2024-10-10T09:07:08.895Z",
        "autor": 17,
        "tarea": 25
    }
},
{
    "model": "PracticaModelos1.comentario",
    "pk": 4,
    "fields": {
        "contenido": "House name scientist environmental mouth from would any. Series boy yes nice whole cultural. Station however language eight because.",
        "fecha_comentario": "2024-10-10T09:07:08.895Z",
        "autor": 15,
        "tarea": 4
    }
},
{
    "model": "PracticaModelos1.comentario",
    "pk": 5,
    "fields": {
        "contenido": "American news tough wonder course style machine. Later history once account study.\nLook reach friend least market ahead take. Base edge them interesting.",
        "fecha_comentario": "2024-10-10T09:07:08.895Z",
        "autor": 13,
        "tarea": 24
    }
},
{
    "model": "PracticaModelos1.comentario",
    "pk": 6,
    "fields": {
        "contenido": "Most war most professional through official.\nSource police for deep rich.\nField produce physical matter miss population.",
        "fecha_comentario": "2024-10-10T09:07:08.895Z",
        "autor": 20,
        "tarea": 1
    }
},
{
    "model": "PracticaModelos1.comentario",
    "pk": 7,
    "fields": {
        "contenido": "Relationship local throughout goal federal. Maybe can feeling wish information skill.\nPractice try week natural check happen challenge. More produce treat network throw.",
        "fecha_comentario": "2024-10-10T09:07:08.895Z",
        "autor": 14,
        "tarea": 19
    }
},
{
    "model": "PracticaModelos1.comentario",
    "pk": 8,
    "fields": {
        "contenido": "Series interview plan general laugh. Occur up hold someone. Loss eat along yeah should section.\nEasy though leader allow interest poor country. Food nation although marriage father vote budget.",
        "fecha_comentario": "2024-10-10T09:07:08.895Z",
        "autor": 29,
        "tarea": 27
    }
},
{
    "model": "PracticaModelos1.comentario",
    "pk": 9,
    "fields": {
        "contenido": "Pm rather side loss. Material return test TV reach somebody. Theory fire serious give spend choice discover.",
        "fecha_comentario": "2024-10-10T09:07:08.895Z",
        "autor": 10,
        "tarea": 4
    }
},
{
    "model": "PracticaModelos1.comentario",
    "pk": 10,
    "fields": {
        "contenido": "Property of close himself information.\nLead blue security. Conference enjoy represent upon already.",
        "fecha_comentario": "2024-10-10T09:07:08.895Z",
        "autor": 24,
        "tarea": 13
    }
},
{
    "model": "PracticaModelos1.comentario",
    "pk": 11,
    "fields": {
        "contenido": "Here later woman moment reality. Size news sing pay civil. Significant there a look understand black scientist yeah. Indeed consider late ago type point line.",
        "fecha_comentario": "2024-10-10T09:07:08.895Z",
        "autor": 27,
        "tarea": 15
    }
},
{
    "model": "PracticaModelos1.comentario",
    "pk": 12,
    "fields": {
        "contenido": "Would policy floor budget. Painting often of standard need air read. Hit activity song behind citizen.\nRole security rich citizen. Record military catch network leg issue even.",
        "fecha_comentario": "2024-10-10T09:07:08.895Z",
        "autor": 12,
        "tarea": 5
    }
},
{
    "model": "PracticaModelos1.comentario",
    "pk": 13,
    "fields": {
        "contenido": "Ten goal reduce clear world what wait. Rich film place education within fine. Maybe company will matter. Accept possible three responsibility administration.",
        "fecha_comentario": "2024-10-10T09:07:08.895Z",
        "autor": 27,
        "tarea": 18
    }
},
{
    "model": "PracticaModelos1.comentario",
    "pk": 14,
    "fields": {
        "contenido": "Human ahead with specific.\nAcross night recently certainly trouble former woman.\nInvolve establish scene firm but bring. Happy than too.\nWar inside between. Group society perhaps all.",
        "fecha_comentario": "2024-10-10T09:07:08.895Z",
        "autor": 23,
        "tarea": 20
    }
},
{
    "model": "PracticaModelos1.comentario",
    "pk": 15,
    "fields": {
        "contenido": "No use reduce so century including. None capital imagine thousand.\nDay federal half tax fact worry. Mention commercial great policy cup pull economic. Fund but tough value who.",
        "fecha_comentario": "2024-10-10T09:07:08.895Z",
        "autor": 17,
        "tarea": 23
    }
},
{
    "model": "PracticaModelos1.comentario",
    "pk": 16,
    "fields": {
        "contenido": "Skill Mr hospital role. Education message computer civil. Leg green agency sit.\nBecause city one smile west language. Rest morning common. Challenge head nearly southern already all before road.",
        "fecha_comentario": "2024-10-10T09:07:08.895Z",
        "autor": 21,
        "tarea": 9
    }
},
{
    "model": "PracticaModelos1.comentario",
    "pk": 17,
    "fields": {
        "contenido": "Value economy song where. Not side mean cut before go. Manager generation leader image once call current. His need cultural entire open.",
        "fecha_comentario": "2024-10-10T09:07:08.895Z",
        "autor": 9,
        "tarea": 15
    }
},
{
    "model": "PracticaModelos1.comentario",
    "pk": 18,
    "fields": {
        "contenido": "Garden education sure senior research oil then behavior. Collection blood tell common bad back. Force difference store seat factor.",
        "fecha_comentario": "2024-10-10T09:07:08.895Z",
        "autor": 7,
        "tarea": 20
    }
},
{
    "model": "PracticaModelos1.comentario",
    "pk": 19,
    "fields": {
        "contenido": "Site for total first. Down their picture society.\nCurrent field line before ten. They quite act ago.\nClear debate central like. Assume indicate take success career. Option learn left sometimes.",
        "fecha_comentario": "2024-10-10T09:07:08.895Z",
        "autor": 11,
        "tarea": 10
    }
},
{
    "model": "PracticaModelos1.comentario",
    "pk": 20,
    "fields": {
        "contenido": "Large affect down area. Dream should arm need establish probably population any. Hospital forward nation west dream.",
        "fecha_comentario": "2024-10-10T09:07:08.895Z",
        "autor": 16,
        "tarea": 23
    }
},
{
    "model": "PracticaModelos1.comentario",
    "pk": 21,
    "fields": {
        "contenido": "Lawyer although majority by sure. Meet last whom force short clear public.\nAnything out worry draw she billion. Sort close each carry.",
        "fecha_comentario": "2024-10-10T09:07:08.895Z",
        "autor": 8,
        "tarea": 30
    }
},
{
    "model": "PracticaModelos1.comentario",
    "pk": 22,
    "fields": {
        "contenido": "School wear enter general should enjoy.\nKitchen on less here. Expert type culture brother say instead should goal.",
        "fecha_comentario": "2024-10-10T09:07:08.895Z",
        "autor": 11,
        "tarea": 5
    }
},
{
    "model": "PracticaModelos1.comentario",
    "pk": 23,
    "fields": {
        "contenido": "Model manage experience arm computer through chair. Long operation beat reveal trial include clearly popular.\nHimself always reason stand support tough today be. Thing win carry find field.",
        "fecha_comentario": "2024-10-10T09:07:08.895Z",
        "autor": 23,
        "tarea": 6
    }
},
{
    "model": "PracticaModelos1.comentario",
    "pk": 24,
    "fields": {
        "contenido": "Trade condition reduce political view my. Level our tree have station move.\nPopular conference record energy size government. Financial American technology style involve break.",
        "fecha_comentario": "2024-10-10T09:07:08.895Z",
        "autor": 3,
        "tarea": 5
    }
},
{
    "model": "PracticaModelos1.comentario",
    "pk": 25,
    "fields": {
        "contenido": "Through land son room ever. Work base assume interest expert box kind yet.\nFill candidate water meeting. Yeah issue enter.",
        "fecha_comentario": "2024-10-10T09:07:08.895Z",
        "autor": 27,
        "tarea": 30
    }
},
{
    "model": "PracticaModelos1.comentario",
    "pk": 26,
    "fields": {
        "contenido": "Operation government interview guess camera issue. Speak occur president crime not song.\nFirst know view for. Cost past together.",
        "fecha_comentario": "2024-10-10T09:07:08.895Z",
        "autor": 4,
        "tarea": 18
    }
},
{
    "model": "PracticaModelos1.comentario",
    "pk": 27,
    "fields": {
        "contenido": "Card include manager experience. Then professional war discover might. Why prove his run year.",
        "fecha_comentario": "2024-10-10T09:07:08.895Z",
        "autor": 16,
        "tarea": 28
    }
},
{
    "model": "PracticaModelos1.comentario",
    "pk": 28,
    "fields": {
        "contenido": "Social join total meet card. Art thank me Democrat modern wish.\nDrop husband rather increase cut. Audience reach impact truth camera. Run office specific information as.",
        "fecha_comentario": "2024-10-10T09:07:08.895Z",
        "autor": 14,
        "tarea": 19
    }
},
{
    "model": "PracticaModelos1.comentario",
    "pk": 29,
    "fields": {
        "contenido": "Fine way he plant fine need. Partner half bed police. Professor just benefit lay.",
        "fecha_comentario": "2024-10-10T09:07:08.895Z",
        "autor": 20,
        "tarea": 13
    }
},
{
    "model": "PracticaModelos1.comentario",
    "pk": 30,
    "fields": {
        "contenido": "Culture happen hold network. Control throughout gun else. Truth arm have important huge positive yes.\nQuickly kind partner. Key figure every cost own this where.",
        "fecha_comentario": "2024-10-10T09:07:08.895Z",
        "autor": 16,
        "tarea": 7
    }
}
]
